,Gender,Age,Height,Weight,family_history_with_overweight,FAVC,FCVC,NCP,CAEC,SMOKE,CH2O,SCC,FAF,TUE,CALC,MTRANS,NObeyesdad
25,Male,20.0,1.6,50.0,yes,no,2.0,4.0,Frequently,yes,2.0,no,3.0,2.0,no,Public_Transportation,Normal_Weight
28,Male,19.0,1.75,76.0,yes,yes,3.0,3.0,Sometimes,no,2.0,yes,3.0,1.0,Sometimes,Public_Transportation,Normal_Weight
48,Female,20.0,1.66,60.0,yes,no,3.0,3.0,Sometimes,no,2.0,no,1.0,0.0,Sometimes,Walking,Normal_Weight
51,Female,20.0,1.5,44.0,no,yes,2.0,3.0,Sometimes,no,1.0,no,0.0,0.0,Sometimes,Automobile,Normal_Weight
58,Female,17.0,1.65,67.0,yes,yes,3.0,1.0,Sometimes,no,2.0,no,1.0,1.0,no,Walking,Normal_Weight
59,Male,20.0,1.76,55.0,yes,yes,2.0,4.0,Sometimes,no,3.0,no,2.0,2.0,no,Public_Transportation,Insufficient_Weight
61,Male,20.0,1.65,58.0,no,yes,2.0,3.0,Sometimes,no,2.0,no,3.0,1.0,Sometimes,Public_Transportation,Normal_Weight
73,Male,19.0,1.85,65.0,yes,no,2.0,3.0,Sometimes,no,3.0,no,2.0,1.0,Sometimes,Bike,Normal_Weight
80,Female,19.0,1.63,58.0,no,no,3.0,3.0,Sometimes,no,2.0,yes,0.0,0.0,no,Public_Transportation,Normal_Weight
83,Female,19.0,1.6,45.0,no,no,3.0,3.0,no,no,3.0,yes,2.0,0.0,no,Walking,Insufficient_Weight
87,Male,19.0,1.82,87.0,yes,yes,2.0,3.0,Sometimes,no,2.0,no,0.0,0.0,no,Public_Transportation,Overweight_Level_I
91,Female,20.0,1.61,64.0,yes,no,3.0,3.0,Always,no,2.0,yes,0.0,1.0,Frequently,Public_Transportation,Normal_Weight
93,Female,20.0,1.6,57.0,no,no,3.0,3.0,Always,no,2.0,no,1.0,0.0,no,Walking,Normal_Weight
112,Female,18.0,1.56,51.0,yes,yes,2.0,4.0,Frequently,no,2.0,no,1.0,0.0,Sometimes,Public_Transportation,Normal_Weight
114,Female,19.0,1.61,62.0,yes,yes,3.0,1.0,Frequently,no,2.0,no,1.0,0.0,Frequently,Public_Transportation,Normal_Weight
115,Female,17.0,1.75,57.0,yes,yes,3.0,3.0,Frequently,no,2.0,no,0.0,1.0,no,Public_Transportation,Normal_Weight
116,Female,15.0,1.65,86.0,yes,yes,3.0,3.0,Sometimes,no,1.0,no,3.0,2.0,no,Walking,Obesity_Type_I
117,Female,17.0,1.7,85.0,yes,no,2.0,3.0,Frequently,no,2.0,no,1.0,1.0,no,Public_Transportation,Overweight_Level_II
119,Female,19.0,1.63,76.0,yes,no,3.0,3.0,Frequently,yes,3.0,no,2.0,1.0,Sometimes,Automobile,Overweight_Level_II
125,Male,18.0,1.75,80.0,yes,yes,2.0,3.0,Always,no,2.0,no,0.0,0.0,Frequently,Public_Transportation,Overweight_Level_I
126,Male,19.0,1.67,68.0,no,yes,2.0,3.0,Sometimes,no,2.0,no,1.0,0.0,Sometimes,Public_Transportation,Normal_Weight
127,Female,19.0,1.65,61.0,no,yes,3.0,1.0,Sometimes,no,3.0,yes,1.0,0.0,Sometimes,Public_Transportation,Normal_Weight
128,Male,20.0,1.72,70.0,yes,yes,3.0,3.0,Frequently,no,1.0,no,0.0,0.0,Sometimes,Public_Transportation,Normal_Weight
130,Female,20.0,1.58,53.0,yes,yes,2.0,4.0,Frequently,no,2.0,no,1.0,1.0,no,Public_Transportation,Normal_Weight
132,Female,19.0,1.65,56.0,yes,yes,3.0,3.0,Frequently,yes,3.0,yes,1.0,2.0,Frequently,Public_Transportation,Normal_Weight
160,Male,20.0,1.83,72.0,yes,no,3.0,3.0,Sometimes,yes,1.0,no,2.0,1.0,Sometimes,Public_Transportation,Normal_Weight
167,Male,20.0,1.65,80.0,yes,no,2.0,3.0,Sometimes,no,2.0,no,1.0,2.0,no,Walking,Overweight_Level_II
171,Male,18.0,1.6,58.0,yes,yes,2.0,3.0,Frequently,no,2.0,no,1.0,0.0,Sometimes,Public_Transportation,Normal_Weight
173,Male,18.0,1.74,64.0,no,no,3.0,3.0,Sometimes,no,2.0,yes,0.0,1.0,no,Public_Transportation,Normal_Weight
176,Female,18.0,1.57,48.0,yes,yes,3.0,1.0,Always,no,1.0,no,1.0,0.0,no,Public_Transportation,Normal_Weight
180,Female,18.0,1.58,48.0,no,yes,2.0,3.0,Sometimes,no,2.0,no,1.0,0.0,no,Public_Transportation,Normal_Weight
190,Male,20.0,1.6,56.0,no,yes,2.0,3.0,Sometimes,no,2.0,no,1.0,0.0,Sometimes,Public_Transportation,Normal_Weight
192,Male,20.0,1.83,85.0,yes,no,3.0,3.0,Sometimes,no,3.0,yes,3.0,0.0,Sometimes,Automobile,Overweight_Level_I
193,Male,20.0,1.78,68.0,no,no,2.0,1.0,Frequently,no,3.0,yes,2.0,1.0,no,Public_Transportation,Normal_Weight
195,Male,19.0,1.8,85.0,yes,yes,3.0,3.0,Sometimes,no,2.0,no,1.0,1.0,Sometimes,Walking,Overweight_Level_I
198,Female,18.0,1.59,40.0,yes,yes,2.0,1.0,Frequently,no,1.0,no,0.0,2.0,no,Public_Transportation,Insufficient_Weight
206,Male,19.0,1.75,100.0,yes,yes,2.0,3.0,Frequently,no,2.0,no,2.0,0.0,no,Public_Transportation,Obesity_Type_I
210,Male,20.0,1.8,114.0,yes,yes,2.0,3.0,Frequently,no,2.0,no,0.0,1.0,no,Public_Transportation,Obesity_Type_II
226,Female,20.0,1.6,50.0,no,yes,2.0,3.0,Sometimes,no,1.0,no,0.0,1.0,no,Automobile,Normal_Weight
230,Male,20.0,1.9,91.0,yes,yes,3.0,4.0,Sometimes,no,3.0,no,2.0,0.0,Sometimes,Walking,Overweight_Level_I
234,Female,19.0,1.59,49.0,yes,yes,2.0,1.0,no,no,2.0,no,2.0,0.0,no,Public_Transportation,Normal_Weight
235,Female,19.0,1.69,70.0,yes,no,2.0,1.0,no,no,2.0,no,2.0,0.0,no,Public_Transportation,Normal_Weight
237,Female,19.0,1.64,53.0,yes,yes,3.0,3.0,Sometimes,no,1.0,no,1.0,1.0,no,Public_Transportation,Normal_Weight
238,Female,20.0,1.62,53.0,no,yes,3.0,1.0,Sometimes,no,3.0,no,1.0,1.0,no,Public_Transportation,Normal_Weight
239,Female,19.0,1.7,64.0,yes,yes,3.0,3.0,no,no,3.0,yes,3.0,1.0,no,Public_Transportation,Normal_Weight
240,Female,17.0,1.63,65.0,no,yes,2.0,1.0,Sometimes,no,3.0,no,1.0,1.0,no,Public_Transportation,Normal_Weight
242,Female,20.0,1.63,64.0,yes,yes,1.0,3.0,Always,no,2.0,no,0.0,2.0,no,Automobile,Normal_Weight
245,Female,20.0,1.64,49.0,no,no,3.0,3.0,Sometimes,yes,2.0,no,2.0,1.0,Sometimes,Automobile,Insufficient_Weight
246,Female,20.0,1.57,60.0,no,yes,3.0,3.0,Sometimes,no,3.0,no,0.0,1.0,Sometimes,Public_Transportation,Normal_Weight
247,Female,20.0,1.62,52.0,no,yes,3.0,3.0,Frequently,no,1.0,no,3.0,1.0,no,Automobile,Normal_Weight
250,Female,20.0,1.65,75.0,yes,yes,3.0,1.0,Sometimes,no,2.0,no,1.0,1.0,no,Public_Transportation,Overweight_Level_II
251,Male,20.0,1.67,78.0,yes,no,2.0,1.0,Sometimes,no,3.0,no,0.0,0.0,Frequently,Automobile,Overweight_Level_II
255,Male,19.0,1.78,81.0,yes,no,1.0,3.0,Sometimes,no,2.0,no,3.0,0.0,no,Bike,Overweight_Level_I
256,Male,18.0,1.75,85.0,yes,no,2.0,3.0,Sometimes,no,3.0,no,1.0,0.0,Sometimes,Public_Transportation,Overweight_Level_II
257,Male,19.0,1.85,115.0,no,no,2.0,3.0,Sometimes,no,3.0,yes,1.0,2.0,no,Public_Transportation,Obesity_Type_I
258,Male,18.0,1.7,80.0,no,no,3.0,1.0,Sometimes,no,1.0,no,1.0,0.0,no,Public_Transportation,Overweight_Level_II
259,Female,18.0,1.67,91.0,yes,yes,1.0,3.0,Frequently,no,1.0,no,0.0,1.0,Sometimes,Public_Transportation,Obesity_Type_I
262,Male,18.0,1.74,70.0,no,yes,2.0,3.0,Sometimes,no,2.0,no,1.0,1.0,Sometimes,Public_Transportation,Normal_Weight
264,Male,18.0,1.87,67.0,yes,yes,3.0,3.0,Frequently,no,3.0,yes,1.0,1.0,Sometimes,Automobile,Normal_Weight
265,Male,18.0,1.7,50.0,no,yes,1.0,3.0,Frequently,no,1.0,no,2.0,1.0,Sometimes,Public_Transportation,Insufficient_Weight
268,Male,17.0,1.67,60.0,no,no,2.0,4.0,Always,no,2.0,no,0.0,2.0,no,Public_Transportation,Normal_Weight
271,Female,19.0,1.5,50.0,no,yes,2.0,3.0,Frequently,no,1.0,no,0.0,2.0,Sometimes,Public_Transportation,Normal_Weight
272,Male,18.0,1.7,60.0,no,yes,2.0,3.0,Sometimes,no,2.0,no,2.0,1.0,no,Public_Transportation,Normal_Weight
275,Female,18.0,1.5,50.0,yes,yes,3.0,3.0,Frequently,no,2.0,no,0.0,1.0,Sometimes,Public_Transportation,Normal_Weight
276,Male,16.0,1.67,50.0,yes,yes,2.0,1.0,Frequently,no,3.0,no,1.0,0.0,no,Public_Transportation,Insufficient_Weight
279,Male,18.0,1.79,52.0,no,no,3.0,3.0,Sometimes,no,2.0,no,1.0,1.0,Sometimes,Public_Transportation,Insufficient_Weight
281,Male,18.0,1.7,55.0,yes,yes,2.0,3.0,Frequently,no,2.0,no,0.0,0.0,Sometimes,Public_Transportation,Normal_Weight
282,Female,18.0,1.62,55.0,yes,yes,2.0,3.0,Frequently,no,1.0,no,1.0,1.0,no,Public_Transportation,Normal_Weight
283,Male,17.0,1.69,60.0,no,no,2.0,3.0,Sometimes,no,3.0,no,2.0,1.0,Sometimes,Walking,Normal_Weight
284,Male,20.0,1.77,70.0,yes,yes,1.0,1.0,Sometimes,no,2.0,no,1.0,1.0,Sometimes,Public_Transportation,Normal_Weight
287,Female,18.0,1.6,58.0,yes,yes,2.0,3.0,Sometimes,no,3.0,no,3.0,0.0,no,Public_Transportation,Normal_Weight
288,Female,17.0,1.56,51.0,no,yes,3.0,3.0,Sometimes,no,1.0,no,0.0,2.0,no,Public_Transportation,Normal_Weight
289,Male,19.0,1.88,79.0,no,no,2.0,3.0,Sometimes,no,3.0,no,3.0,0.0,Sometimes,Automobile,Normal_Weight
290,Male,16.0,1.82,71.0,yes,yes,2.0,3.0,Frequently,no,2.0,no,2.0,1.0,Sometimes,Public_Transportation,Normal_Weight
291,Male,17.0,1.8,58.0,no,yes,2.0,3.0,Frequently,no,2.0,no,2.0,1.0,no,Walking,Insufficient_Weight
293,Male,19.0,1.82,75.0,yes,no,2.0,3.0,Frequently,no,2.0,no,1.0,0.0,no,Public_Transportation,Normal_Weight
294,Male,18.0,1.86,110.0,yes,yes,2.0,1.0,Sometimes,yes,2.0,no,1.0,2.0,Sometimes,Public_Transportation,Obesity_Type_I
295,Female,16.0,1.66,58.0,no,no,2.0,1.0,Sometimes,no,1.0,no,0.0,1.0,no,Walking,Normal_Weight
298,Male,18.0,1.8,80.0,yes,yes,2.0,3.0,Frequently,no,1.0,no,0.0,1.0,Frequently,Public_Transportation,Normal_Weight
301,Male,18.0,1.72,55.0,no,yes,2.0,4.0,Sometimes,no,2.0,no,2.0,1.0,Sometimes,Public_Transportation,Normal_Weight
302,Male,16.0,1.84,45.0,yes,yes,3.0,3.0,Always,no,3.0,no,3.0,2.0,Sometimes,Walking,Insufficient_Weight
303,Female,16.0,1.57,49.0,no,yes,2.0,4.0,Always,no,2.0,no,0.0,1.0,Sometimes,Public_Transportation,Normal_Weight
304,Male,20.0,1.8,85.0,yes,no,2.0,3.0,Sometimes,no,3.0,no,2.0,1.0,Sometimes,Public_Transportation,Overweight_Level_I
308,Male,20.0,1.8,75.0,no,yes,3.0,4.0,Always,no,3.0,no,2.0,0.0,Sometimes,Public_Transportation,Normal_Weight
309,Female,16.0,1.66,58.0,no,no,2.0,1.0,Sometimes,no,1.0,no,0.0,1.0,no,Walking,Normal_Weight
310,Male,17.0,1.79,57.0,yes,yes,2.0,4.0,Frequently,no,2.0,no,2.0,1.0,no,Public_Transportation,Insufficient_Weight
311,Male,17.0,1.72,62.0,no,yes,2.0,3.0,Always,no,2.0,no,3.0,1.0,no,Public_Transportation,Normal_Weight
312,Female,16.0,1.6,57.0,no,yes,3.0,3.0,Sometimes,no,1.0,no,3.0,0.0,no,Public_Transportation,Normal_Weight
313,Male,17.0,1.66,56.0,yes,yes,1.0,3.0,Always,no,2.0,no,1.0,1.0,Sometimes,Public_Transportation,Normal_Weight
317,Male,18.0,1.75,70.0,no,yes,3.0,4.0,Sometimes,no,2.0,no,1.0,1.0,no,Public_Transportation,Normal_Weight
323,Male,18.0,1.8,72.0,yes,yes,2.0,3.0,Sometimes,no,2.0,no,3.0,0.0,Sometimes,Automobile,Normal_Weight
326,Male,18.0,1.7,55.3,yes,yes,3.0,3.0,Sometimes,no,2.0,no,3.0,0.0,Sometimes,Public_Transportation,Normal_Weight
328,Male,19.0,1.74,74.0,yes,no,3.0,1.0,Sometimes,no,3.0,no,3.0,1.0,Sometimes,Walking,Normal_Weight
329,Female,19.0,1.65,82.0,yes,yes,3.0,3.0,Sometimes,no,1.0,no,0.0,1.0,Sometimes,Public_Transportation,Obesity_Type_I
330,Female,17.0,1.8,50.0,no,yes,3.0,4.0,Frequently,no,1.0,no,2.0,1.0,Sometimes,Public_Transportation,Insufficient_Weight
331,Male,17.0,1.74,56.0,yes,yes,2.0,3.0,Sometimes,no,2.0,no,2.0,1.0,no,Public_Transportation,Normal_Weight
334,Female,18.0,1.45,53.0,no,yes,2.0,3.0,Frequently,no,2.0,yes,1.0,2.0,Frequently,Public_Transportation,Overweight_Level_I
335,Male,19.0,1.7,50.0,no,yes,1.0,4.0,Frequently,no,1.0,no,2.0,1.0,Sometimes,Public_Transportation,Insufficient_Weight
336,Male,20.0,1.7,65.0,no,yes,2.0,3.0,Sometimes,no,2.0,no,0.0,1.0,no,Public_Transportation,Normal_Weight
337,Male,18.0,1.78,64.4,yes,yes,3.0,3.0,Frequently,no,2.0,no,3.0,2.0,no,Walking,Normal_Weight
338,Female,17.0,1.6,65.0,no,yes,3.0,1.0,Sometimes,no,2.0,yes,1.0,2.0,Sometimes,Public_Transportation,Overweight_Level_I
339,Female,19.0,1.53,42.0,no,no,2.0,3.0,Sometimes,no,1.0,yes,2.0,0.0,Frequently,Public_Transportation,Insufficient_Weight
341,Male,20.0,1.6,50.0,no,no,2.0,3.0,Sometimes,no,1.0,no,0.0,0.0,Sometimes,Public_Transportation,Normal_Weight
344,Male,18.0,1.87,173.0,yes,yes,3.0,3.0,Frequently,no,2.0,no,2.0,1.0,Sometimes,Public_Transportation,Obesity_Type_III
345,Male,17.0,1.7,55.0,no,yes,3.0,3.0,Always,no,2.0,no,3.0,1.0,Sometimes,Public_Transportation,Normal_Weight
347,Male,17.0,1.8,97.0,yes,yes,2.0,3.0,Sometimes,no,3.0,no,1.0,1.0,Sometimes,Walking,Overweight_Level_II
348,Male,18.0,1.82,80.0,yes,yes,2.0,3.0,Sometimes,no,2.0,no,3.0,2.0,no,Walking,Normal_Weight
349,Male,20.0,1.98,125.0,yes,yes,2.0,3.0,Always,no,3.0,no,1.0,1.0,Sometimes,Public_Transportation,Obesity_Type_I
350,Male,17.0,1.75,70.0,yes,no,2.0,3.0,Sometimes,no,1.0,no,3.0,2.0,Sometimes,Walking,Normal_Weight
352,Female,17.0,1.6,53.0,no,yes,1.0,3.0,Sometimes,no,1.0,no,2.0,2.0,Sometimes,Walking,Normal_Weight
354,Female,17.0,1.6,59.0,no,yes,2.0,3.0,Sometimes,no,2.0,no,1.0,2.0,no,Public_Transportation,Normal_Weight
356,Male,17.0,1.9,60.0,no,no,3.0,3.0,Sometimes,no,2.0,no,3.0,1.0,no,Walking,Insufficient_Weight
357,Female,17.0,1.7,56.0,yes,yes,1.0,3.0,Sometimes,no,1.0,no,1.0,1.0,no,Automobile,Normal_Weight
360,Male,20.0,1.87,75.0,no,yes,2.0,3.0,Frequently,no,1.0,no,1.0,1.0,Sometimes,Public_Transportation,Normal_Weight
363,Male,19.0,1.8,80.0,no,yes,2.0,1.0,Sometimes,no,2.0,no,2.0,1.0,Sometimes,Public_Transportation,Normal_Weight
369,Male,20.0,1.58,74.0,no,no,3.0,3.0,Frequently,no,2.0,no,3.0,1.0,Sometimes,Public_Transportation,Overweight_Level_II
370,Male,19.0,1.8,60.0,no,yes,2.0,3.0,Sometimes,no,1.0,no,1.0,1.0,no,Public_Transportation,Normal_Weight
371,Male,17.0,1.62,69.0,yes,yes,3.0,1.0,Always,no,2.0,yes,1.0,2.0,Sometimes,Public_Transportation,Overweight_Level_I
372,Female,18.0,1.62,58.0,no,yes,3.0,3.0,Sometimes,no,1.0,no,0.0,2.0,no,Automobile,Normal_Weight
374,Male,18.0,1.76,70.0,yes,yes,2.0,4.0,Frequently,no,2.0,no,2.0,1.0,Sometimes,Automobile,Normal_Weight
377,Male,18.0,1.76,68.0,no,no,2.0,4.0,Frequently,no,2.0,no,1.0,1.0,Sometimes,Public_Transportation,Normal_Weight
378,Male,18.0,1.73,70.0,no,yes,3.0,3.0,Frequently,no,1.0,no,2.0,1.0,Sometimes,Public_Transportation,Normal_Weight
379,Male,17.0,1.7,70.0,yes,yes,3.0,3.0,Sometimes,no,2.0,no,0.0,2.0,Sometimes,Walking,Normal_Weight
383,Male,17.0,1.7,98.0,yes,no,2.0,3.0,Sometimes,no,2.0,no,0.0,1.0,Sometimes,Automobile,Obesity_Type_I
384,Female,18.0,1.6,60.0,yes,yes,3.0,1.0,Sometimes,no,1.0,yes,0.0,2.0,no,Walking,Normal_Weight
385,Female,16.0,1.55,45.0,no,yes,2.0,3.0,Frequently,no,2.0,no,1.0,1.0,no,Public_Transportation,Normal_Weight
386,Female,18.0,1.59,53.0,no,no,1.0,3.0,Sometimes,no,1.0,no,1.0,2.0,no,Public_Transportation,Normal_Weight
388,Male,18.0,1.78,108.0,yes,no,2.0,3.0,Sometimes,no,3.0,no,1.0,0.0,no,Public_Transportation,Obesity_Type_I
389,Female,16.0,1.61,65.0,yes,yes,1.0,1.0,Sometimes,no,2.0,no,0.0,0.0,no,Public_Transportation,Overweight_Level_I
391,Female,18.0,1.7,50.0,no,no,2.0,3.0,Sometimes,no,2.0,no,0.0,1.0,Sometimes,Walking,Insufficient_Weight
392,Male,18.0,1.76,69.5,no,no,3.0,3.0,Frequently,no,3.0,no,2.0,2.0,no,Public_Transportation,Normal_Weight
393,Male,18.0,1.7,78.0,no,yes,1.0,3.0,Sometimes,no,2.0,no,0.0,1.0,Sometimes,Public_Transportation,Overweight_Level_II
394,Female,17.0,1.53,55.0,yes,yes,2.0,3.0,Sometimes,no,1.0,no,0.0,1.0,no,Public_Transportation,Normal_Weight
395,Female,20.0,1.54,39.0,yes,yes,1.0,3.0,Sometimes,no,2.0,no,3.0,2.0,Sometimes,Public_Transportation,Insufficient_Weight
397,Male,20.0,1.66,60.0,no,yes,2.0,4.0,Frequently,no,3.0,no,0.0,0.0,no,Public_Transportation,Normal_Weight
400,Male,18.0,1.65,70.0,yes,no,2.0,3.0,Sometimes,no,2.0,no,0.0,0.0,no,Public_Transportation,Overweight_Level_I
405,Male,18.0,1.74,86.0,no,no,3.0,3.0,Sometimes,no,2.0,no,3.0,0.0,no,Public_Transportation,Overweight_Level_II
407,Female,19.0,1.51,59.0,yes,yes,3.0,3.0,Frequently,no,1.0,no,1.0,2.0,Sometimes,Walking,Overweight_Level_I
408,Male,20.0,1.81,79.0,yes,no,3.0,1.0,Sometimes,no,2.0,no,0.0,0.0,Sometimes,Public_Transportation,Normal_Weight
410,Male,20.0,1.83,66.0,no,no,2.0,3.0,Sometimes,no,2.0,no,1.0,1.0,no,Public_Transportation,Normal_Weight
411,Female,20.0,1.6,65.0,no,no,3.0,3.0,Sometimes,no,2.0,yes,0.0,0.0,Sometimes,Public_Transportation,Overweight_Level_I
415,Male,14.0,1.71,72.0,yes,yes,3.0,3.0,Sometimes,no,3.0,no,2.0,1.0,no,Walking,Normal_Weight
417,Male,18.0,1.77,87.0,yes,yes,3.0,3.0,Sometimes,no,2.0,no,1.0,1.0,Frequently,Public_Transportation,Overweight_Level_II
418,Male,18.0,1.7,90.0,no,yes,3.0,3.0,Sometimes,no,2.0,no,2.0,0.0,Sometimes,Public_Transportation,Obesity_Type_I
420,Male,18.0,1.85,60.0,yes,yes,3.0,4.0,Sometimes,no,2.0,yes,2.0,0.0,Sometimes,Automobile,Insufficient_Weight
421,Male,18.0,1.84,60.0,yes,yes,3.0,4.0,Sometimes,no,2.0,yes,2.0,0.0,Sometimes,Automobile,Insufficient_Weight
422,Male,19.0,1.75,58.0,no,yes,2.0,3.0,Sometimes,no,2.0,no,2.0,0.0,Sometimes,Bike,Normal_Weight
425,Female,19.0,1.61,53.8,yes,yes,2.0,3.0,Always,no,2.0,no,2.0,1.0,Sometimes,Public_Transportation,Normal_Weight
427,Female,20.0,1.67,60.0,no,yes,3.0,3.0,no,no,2.0,no,3.0,0.0,Sometimes,Public_Transportation,Normal_Weight
430,Male,18.0,1.65,85.0,no,yes,2.0,3.0,Sometimes,no,1.0,no,1.0,0.0,Sometimes,Public_Transportation,Obesity_Type_I
431,Female,18.0,1.6,55.0,no,yes,2.0,4.0,Frequently,no,2.0,no,2.0,1.0,Sometimes,Public_Transportation,Normal_Weight
432,Male,19.0,1.8,70.0,no,yes,3.0,3.0,Frequently,no,1.0,no,2.0,0.0,no,Public_Transportation,Normal_Weight
433,Female,18.0,1.64,59.0,yes,yes,2.0,3.0,Sometimes,no,1.0,no,1.0,1.0,Sometimes,Public_Transportation,Normal_Weight
434,Male,19.0,1.89,87.0,no,yes,2.0,4.0,Frequently,no,2.0,no,3.0,1.0,Frequently,Automobile,Normal_Weight
435,Female,19.0,1.76,80.0,yes,yes,2.0,1.0,Sometimes,no,3.0,no,3.0,1.0,no,Public_Transportation,Overweight_Level_I
436,Female,18.0,1.56,55.0,no,yes,2.0,3.0,Sometimes,no,1.0,no,0.0,0.0,Frequently,Automobile,Normal_Weight
437,Female,18.0,1.6,56.0,yes,yes,2.0,1.0,Always,no,2.0,no,1.0,0.0,Sometimes,Walking,Normal_Weight
438,Female,19.0,1.67,64.0,no,yes,3.0,3.0,Sometimes,no,2.0,no,2.0,1.0,Sometimes,Automobile,Normal_Weight
439,Female,19.0,1.6,60.0,no,yes,2.0,3.0,Frequently,no,2.0,no,0.0,1.0,Sometimes,Public_Transportation,Normal_Weight
440,Female,18.0,1.55,56.0,no,yes,2.0,3.0,Sometimes,no,1.0,no,0.0,0.0,no,Automobile,Normal_Weight
441,Female,18.0,1.55,50.0,yes,yes,3.0,3.0,Frequently,no,1.0,no,1.0,2.0,no,Public_Transportation,Normal_Weight
443,Male,18.0,1.72,53.0,yes,yes,2.0,3.0,Sometimes,no,2.0,no,0.0,2.0,Sometimes,Public_Transportation,Insufficient_Weight
444,Male,19.0,1.7,60.0,yes,yes,2.0,1.0,Sometimes,no,2.0,no,2.0,0.0,Sometimes,Public_Transportation,Normal_Weight
445,Female,19.0,1.51,45.0,no,yes,2.0,4.0,Sometimes,no,1.0,no,3.0,0.0,Sometimes,Public_Transportation,Normal_Weight
446,Male,19.0,1.83,82.0,yes,yes,3.0,3.0,Frequently,no,2.0,no,2.0,0.0,Sometimes,Public_Transportation,Normal_Weight
447,Male,19.0,1.8,87.0,yes,yes,2.0,4.0,Sometimes,no,2.0,no,2.0,1.0,Sometimes,Public_Transportation,Overweight_Level_I
449,Female,18.0,1.63,63.0,yes,yes,1.0,3.0,Sometimes,no,2.0,no,2.0,2.0,Sometimes,Public_Transportation,Normal_Weight
450,Male,19.0,1.71,71.0,no,yes,3.0,3.0,Sometimes,no,2.0,no,1.0,1.0,Sometimes,Public_Transportation,Normal_Weight
451,Male,19.0,1.7,65.0,yes,no,2.0,3.0,Frequently,no,2.0,no,1.0,0.0,no,Public_Transportation,Normal_Weight
453,Female,18.0,1.62,50.0,no,yes,3.0,3.0,Sometimes,no,1.0,no,0.0,0.0,Sometimes,Automobile,Normal_Weight
454,Female,20.0,1.68,68.0,no,yes,3.0,1.0,Sometimes,no,1.0,no,1.0,0.0,no,Public_Transportation,Normal_Weight
455,Male,18.0,1.85,66.0,no,yes,2.0,3.0,Frequently,no,1.0,no,1.0,1.0,Sometimes,Public_Transportation,Normal_Weight
457,Female,19.0,1.5,45.0,no,yes,2.0,3.0,Sometimes,no,1.0,no,0.0,0.0,Sometimes,Public_Transportation,Normal_Weight
458,Male,19.0,1.69,60.0,no,yes,2.0,3.0,Always,no,1.0,no,1.0,1.0,Sometimes,Public_Transportation,Normal_Weight
459,Male,19.0,1.76,79.0,yes,yes,2.0,3.0,Frequently,no,3.0,no,1.0,2.0,Frequently,Public_Transportation,Overweight_Level_I
460,Female,18.0,1.62,55.0,yes,yes,2.0,3.0,Frequently,no,1.0,no,1.0,1.0,no,Public_Transportation,Normal_Weight
463,Male,17.0,1.8,68.0,yes,no,2.0,3.0,Sometimes,no,1.0,no,2.0,1.0,Sometimes,Public_Transportation,Normal_Weight
464,Male,18.0,1.93,86.0,no,no,3.0,4.0,Always,no,2.0,no,2.0,0.0,Sometimes,Walking,Normal_Weight
465,Female,18.0,1.6,51.0,yes,yes,2.0,3.0,Frequently,no,1.0,no,1.0,1.0,Sometimes,Public_Transportation,Normal_Weight
468,Female,20.0,1.62,45.0,no,yes,3.0,3.0,Frequently,no,1.0,no,1.0,0.0,Sometimes,Public_Transportation,Insufficient_Weight
469,Female,19.0,1.54,42.0,no,yes,3.0,1.0,Sometimes,no,2.0,no,0.0,1.0,no,Public_Transportation,Insufficient_Weight
470,Female,20.0,1.56,51.5,no,yes,2.0,3.0,Frequently,no,2.0,no,3.0,0.0,Sometimes,Public_Transportation,Normal_Weight
471,Female,18.0,1.6,83.0,yes,yes,2.0,3.0,Sometimes,no,2.0,yes,1.0,0.0,no,Public_Transportation,Obesity_Type_I
472,Female,18.0,1.54,71.0,no,no,3.0,4.0,Frequently,no,2.0,no,1.0,1.0,no,Public_Transportation,Overweight_Level_II
473,Female,18.0,1.63,51.0,yes,yes,1.0,3.0,Frequently,no,1.0,no,1.0,0.0,Sometimes,Public_Transportation,Normal_Weight
474,Male,19.0,1.78,64.0,no,yes,2.0,3.0,Sometimes,no,1.0,no,1.0,0.0,no,Public_Transportation,Normal_Weight
475,Female,18.0,1.62,68.0,no,no,2.0,1.0,Sometimes,no,1.0,no,0.0,2.0,no,Public_Transportation,Overweight_Level_I
476,Female,18.0,1.71,75.0,yes,yes,3.0,3.0,Sometimes,no,2.0,no,1.0,0.0,no,Public_Transportation,Overweight_Level_I
477,Female,18.0,1.64,56.0,yes,yes,3.0,3.0,Frequently,no,1.0,yes,1.0,1.0,no,Public_Transportation,Normal_Weight
478,Male,19.0,1.69,65.0,no,yes,2.0,3.0,Frequently,no,1.0,no,1.0,1.0,Sometimes,Public_Transportation,Normal_Weight
479,Female,17.0,1.58,50.0,no,yes,1.0,4.0,Frequently,no,2.0,no,1.0,2.0,Sometimes,Public_Transportation,Normal_Weight
480,Female,18.0,1.57,50.0,no,yes,2.0,3.0,Sometimes,no,1.0,no,0.0,1.0,Sometimes,Public_Transportation,Normal_Weight
481,Male,18.0,1.74,64.0,yes,yes,3.0,4.0,Sometimes,no,1.0,yes,2.0,0.0,Sometimes,Public_Transportation,Normal_Weight
482,Female,20.0,1.58,53.5,yes,yes,2.0,1.0,Frequently,no,2.0,no,1.0,1.0,Sometimes,Public_Transportation,Normal_Weight
483,Female,18.0,1.5,58.0,no,yes,2.0,3.0,Sometimes,no,1.0,no,0.0,0.0,no,Public_Transportation,Overweight_Level_I
487,Male,20.0,1.84,104.0,yes,no,2.0,3.0,Sometimes,no,3.0,no,3.0,0.0,no,Motorbike,Obesity_Type_I
489,Female,19.0,1.56,50.0,no,yes,2.0,1.0,Sometimes,no,1.0,no,0.0,2.0,no,Public_Transportation,Normal_Weight
493,Male,20.0,1.8,65.0,no,yes,2.0,3.0,Frequently,no,1.0,no,2.0,0.0,Sometimes,Motorbike,Normal_Weight
494,Female,18.0,1.67,66.0,no,yes,3.0,3.0,Sometimes,no,2.0,no,0.0,0.0,Sometimes,Public_Transportation,Normal_Weight
495,Male,19.0,1.8,60.0,yes,yes,3.0,1.0,Always,no,1.0,yes,0.0,0.0,no,Motorbike,Normal_Weight
496,Male,18.0,1.72,53.0,yes,yes,2.0,3.0,Sometimes,no,2.0,no,0.0,2.0,Sometimes,Public_Transportation,Insufficient_Weight
497,Male,20.0,1.56,45.0,no,no,2.0,3.0,Sometimes,no,2.0,no,1.0,1.0,Sometimes,Public_Transportation,Normal_Weight
499,Female,18.503343,1.683124,126.67378,yes,yes,3.0,3.0,Sometimes,no,1.115967,no,1.541072,1.0,Sometimes,Public_Transportation,Obesity_Type_III
503,Female,18.306615,1.7456,133.03441,yes,yes,3.0,3.0,Sometimes,no,2.984323,no,1.586525,0.62535,Sometimes,Public_Transportation,Obesity_Type_III
507,Male,19.799054,1.743702,54.927529,yes,yes,2.0,3.28926,Sometimes,no,2.847264,no,1.680844,2.0,Sometimes,Public_Transportation,Insufficient_Weight
508,Male,17.188754,1.771915,55.695036,yes,yes,2.0,4.0,Sometimes,no,2.884033,no,2.0,1.340107,Sometimes,Public_Transportation,Insufficient_Weight
519,Female,18.535075,1.688025,45.0,no,yes,3.0,3.0,Sometimes,no,3.0,yes,2.539762,1.283673,no,Public_Transportation,Insufficient_Weight
520,Female,19.0,1.556211,42.339767,no,yes,3.0,2.0846,Sometimes,no,2.13755,yes,0.196152,0.062488,no,Public_Transportation,Insufficient_Weight
521,Female,19.0,1.564199,42.096062,no,yes,3.0,1.894384,Sometimes,no,2.456581,yes,1.596576,0.9974,no,Public_Transportation,Insufficient_Weight
525,Female,19.86997,1.520997,42.0,no,yes,3.0,1.0,Frequently,no,1.527036,no,0.0,0.860497,Sometimes,Public_Transportation,Insufficient_Weight
530,Female,19.724106,1.734832,50.0,no,no,1.123939,4.0,Frequently,no,1.0,no,1.303976,0.371941,Sometimes,Public_Transportation,Insufficient_Weight
534,Male,18.216032,1.755507,52.0,yes,yes,3.0,3.0,Frequently,no,2.0,no,0.658894,1.0,no,Public_Transportation,Insufficient_Weight
536,Male,18.164768,1.694265,52.0,yes,yes,3.0,3.0,Frequently,no,2.0,no,0.819682,1.0,no,Public_Transportation,Insufficient_Weight
537,Female,18.871794,1.586895,41.452385,no,yes,2.0,1.07976,Sometimes,no,1.0,no,0.194745,1.547086,Sometimes,Public_Transportation,Insufficient_Weight
538,Female,18.766033,1.579561,41.890204,no,yes,2.027574,1.0,Sometimes,no,1.636326,no,0.0,1.906141,Sometimes,Public_Transportation,Insufficient_Weight
539,Female,18.540535,1.564568,41.397378,no,yes,2.658112,1.0,Sometimes,no,1.298165,no,0.0,1.639326,Sometimes,Public_Transportation,Insufficient_Weight
540,Female,19.88036,1.670635,49.742931,no,no,2.88626,3.559841,Frequently,no,1.632004,no,2.0,1.0,Sometimes,Public_Transportation,Insufficient_Weight
541,Female,19.717249,1.688426,49.660995,no,no,2.714447,3.0,Frequently,no,2.0,no,1.903182,1.0,Sometimes,Public_Transportation,Insufficient_Weight
542,Female,19.633898,1.66084,49.039794,no,no,2.750715,3.0,Frequently,no,2.0,no,1.067817,1.0,Sometimes,Public_Transportation,Insufficient_Weight
546,Female,19.058511,1.662017,49.838965,no,yes,1.4925,3.0,Sometimes,no,1.049134,no,2.0,1.0,Sometimes,Public_Transportation,Insufficient_Weight
547,Female,18.827008,1.7,50.0,no,yes,1.0,3.240578,Sometimes,no,1.0,no,2.0,1.0,Sometimes,Public_Transportation,Insufficient_Weight
548,Female,19.314964,1.661403,49.932199,no,yes,2.205439,3.0,Sometimes,no,1.530531,no,2.0,1.0,Sometimes,Public_Transportation,Insufficient_Weight
552,Male,17.038222,1.710564,51.588874,no,yes,2.0,2.057935,Sometimes,no,2.371015,no,0.288032,0.714627,Sometimes,Public_Transportation,Insufficient_Weight
553,Male,16.30687,1.752755,50.0,no,yes,2.310423,3.558637,Sometimes,no,1.787843,no,1.926592,0.828549,Sometimes,Public_Transportation,Insufficient_Weight
554,Male,16.198153,1.691007,52.629374,no,yes,2.0,2.000986,Sometimes,no,2.673835,no,0.99295,0.474836,Sometimes,Public_Transportation,Insufficient_Weight
555,Male,18.0,1.753349,51.457226,no,yes,2.823179,3.0,Sometimes,no,1.773236,no,1.252472,1.0,Sometimes,Public_Transportation,Insufficient_Weight
556,Male,18.0,1.781543,50.869704,no,yes,2.052932,3.0,Sometimes,no,2.0,no,0.520408,1.0,Sometimes,Public_Transportation,Insufficient_Weight
557,Male,18.0,1.755823,52.331172,no,yes,2.596364,3.0,Sometimes,no,2.0,no,0.281734,1.488372,Sometimes,Public_Transportation,Insufficient_Weight
558,Male,17.486869,1.836669,58.943347,yes,yes,2.767731,3.821168,Sometimes,no,2.0,no,2.0,0.556245,no,Automobile,Insufficient_Weight
559,Male,19.920629,1.768493,57.790381,yes,yes,2.0,3.897078,Sometimes,no,2.622638,no,2.0,1.894105,no,Automobile,Insufficient_Weight
560,Male,18.426619,1.777108,57.145917,yes,yes,2.0,3.092116,Sometimes,no,2.426465,no,2.0,1.839862,no,Automobile,Insufficient_Weight
561,Female,17.082867,1.640824,43.365005,no,yes,2.815157,3.0,Sometimes,no,2.911187,no,2.595128,1.380204,Sometimes,Public_Transportation,Insufficient_Weight
562,Female,17.000433,1.584951,44.411801,no,yes,2.737762,3.0,Sometimes,no,2.310921,no,2.240714,1.59257,Sometimes,Public_Transportation,Insufficient_Weight
563,Female,16.270434,1.818268,47.124717,no,yes,3.0,3.286431,Sometimes,no,2.148146,no,2.458237,1.273333,Sometimes,Public_Transportation,Insufficient_Weight
564,Male,17.908114,1.793926,59.682591,yes,yes,2.568063,4.0,Sometimes,no,2.0,no,2.0,0.220029,no,Automobile,Insufficient_Weight
565,Male,17.120699,1.809251,58.968994,yes,yes,2.524428,4.0,Sometimes,no,2.0,no,2.0,0.03838,no,Automobile,Insufficient_Weight
566,Male,19.329542,1.767335,55.700497,yes,yes,2.0,4.0,Sometimes,no,2.157395,no,2.0,1.679149,no,Automobile,Insufficient_Weight
570,Female,19.300435,1.739354,49.649613,no,yes,3.0,3.754599,Sometimes,no,1.692112,no,2.0,1.0,Sometimes,Public_Transportation,Insufficient_Weight
571,Female,17.065445,1.647811,49.603807,no,yes,3.0,3.566082,Sometimes,no,1.438398,no,2.0,1.0,Sometimes,Public_Transportation,Insufficient_Weight
572,Female,19.084967,1.768435,49.597765,no,yes,3.0,3.725797,Sometimes,no,1.191401,no,2.0,1.0,Sometimes,Public_Transportation,Insufficient_Weight
573,Female,18.024853,1.7,50.0,no,yes,1.0816,3.520555,Frequently,no,1.016968,no,0.651412,1.0,Sometimes,Public_Transportation,Insufficient_Weight
574,Female,19.833682,1.699464,49.676046,no,yes,1.270448,3.731212,Frequently,no,1.876915,no,2.0,1.0,Sometimes,Public_Transportation,Insufficient_Weight
575,Female,17.767432,1.74379,50.0,no,yes,1.344854,4.0,Frequently,no,1.0,no,2.0,1.0,Sometimes,Public_Transportation,Insufficient_Weight
576,Female,19.504696,1.590317,42.367615,no,no,2.959658,3.0,Frequently,no,1.0,no,1.522399,0.0,Sometimes,Public_Transportation,Insufficient_Weight
577,Female,19.950605,1.527133,42.0,no,no,2.725282,1.259803,Frequently,no,1.0,no,1.37467,0.0,Sometimes,Public_Transportation,Insufficient_Weight
578,Female,19.0,1.530875,42.0,no,no,2.844607,1.273128,Frequently,no,1.69551,no,0.260079,0.635867,Sometimes,Public_Transportation,Insufficient_Weight
579,Male,17.0,1.848294,59.409018,yes,yes,2.44004,3.0,Sometimes,no,2.0,no,2.784471,1.0,no,Automobile,Insufficient_Weight
580,Male,17.0,1.824414,59.295172,yes,yes,2.432302,3.0,Sometimes,no,2.0,no,2.349495,1.0,no,Automobile,Insufficient_Weight
581,Male,18.525525,1.856633,59.258372,yes,yes,2.592247,3.304123,Sometimes,no,2.036764,no,2.038653,1.119877,no,Automobile,Insufficient_Weight
585,Female,17.402028,1.710756,50.0,no,yes,2.015258,3.300666,Sometimes,no,1.315608,no,0.069802,1.0,Sometimes,Public_Transportation,Insufficient_Weight
586,Female,18.0,1.7,50.0,no,yes,1.031149,3.0,Sometimes,no,1.963628,no,0.028202,1.0,Sometimes,Public_Transportation,Insufficient_Weight
587,Female,18.48207,1.7,50.0,no,yes,1.592183,3.535016,Sometimes,no,1.086391,no,0.618913,1.0,Sometimes,Public_Transportation,Insufficient_Weight
588,Female,18.53084,1.573816,39.850137,no,yes,1.21498,1.717608,Sometimes,no,1.179942,no,0.684739,2.0,Sometimes,Public_Transportation,Insufficient_Weight
589,Female,19.94814,1.530884,39.371523,no,yes,1.522001,3.0,Sometimes,no,1.98126,no,2.306844,0.720454,Sometimes,Public_Transportation,Insufficient_Weight
591,Male,19.556729,1.767563,56.307019,yes,yes,2.362918,4.0,Sometimes,no,2.358172,no,2.0,0.939819,no,Automobile,Insufficient_Weight
592,Male,17.70368,1.883364,60.0,yes,yes,3.0,3.626815,Sometimes,no,2.0,no,2.011519,0.456462,no,Automobile,Insufficient_Weight
593,Male,18.274358,1.824655,58.621349,yes,yes,2.14084,4.0,Sometimes,no,2.931438,no,2.0,1.164457,no,Automobile,Insufficient_Weight
594,Male,18.0,1.840138,60.0,yes,yes,3.0,4.0,Sometimes,no,2.0,no,2.0,0.0,no,Automobile,Insufficient_Weight
595,Male,17.210933,1.819557,58.325122,yes,yes,2.5596,4.0,Sometimes,no,2.0,no,2.0,0.331483,no,Automobile,Insufficient_Weight
596,Male,17.469417,1.798645,59.612717,yes,yes,2.336044,4.0,Sometimes,no,2.0,no,2.0,0.133005,no,Automobile,Insufficient_Weight
597,Male,18.0,1.7108,50.92538,yes,yes,2.0,3.0,Sometimes,no,2.0,no,0.0,1.593704,Sometimes,Public_Transportation,Insufficient_Weight
598,Male,18.0,1.70653,51.121749,yes,yes,2.0,3.0,Sometimes,no,2.0,no,0.0,1.329237,Sometimes,Public_Transportation,Insufficient_Weight
599,Male,18.0,1.716691,51.149283,yes,yes,1.813234,3.0,Sometimes,no,1.274815,no,0.520407,1.673584,Sometimes,Public_Transportation,Insufficient_Weight
600,Female,19.010211,1.555431,44.188767,no,no,2.724285,3.0,Frequently,no,1.0,yes,1.070331,0.0,Sometimes,Public_Transportation,Insufficient_Weight
601,Female,19.091346,1.603923,45.0,no,no,3.0,3.0,Frequently,no,1.28246,yes,1.60195,0.0,Sometimes,Public_Transportation,Insufficient_Weight
602,Female,19.773303,1.602082,45.0,no,no,3.0,3.0,Frequently,no,2.875583,yes,1.258504,0.0,Sometimes,Public_Transportation,Insufficient_Weight
603,Female,19.483036,1.53777,42.0,no,yes,3.0,1.0,Frequently,no,1.387531,no,0.0,0.466169,Sometimes,Public_Transportation,Insufficient_Weight
604,Female,19.0,1.538398,42.0,no,yes,2.71897,1.473088,Frequently,no,1.164644,no,1.235675,0.930926,Sometimes,Public_Transportation,Insufficient_Weight
605,Female,19.407204,1.520862,42.0,no,yes,3.0,1.0,Frequently,no,1.848703,no,0.0,0.744555,Sometimes,Public_Transportation,Insufficient_Weight
606,Male,18.0,1.717826,51.7325,yes,yes,1.133844,3.0,Sometimes,no,1.325326,no,0.227985,1.708309,Sometimes,Public_Transportation,Insufficient_Weight
607,Male,18.424941,1.753389,54.121925,yes,yes,2.0,3.16645,Sometimes,no,2.278578,no,1.838881,2.0,Sometimes,Public_Transportation,Insufficient_Weight
608,Male,18.0,1.70165,50.157707,yes,yes,1.757466,3.0,Sometimes,no,1.153559,no,0.833976,1.616045,Sometimes,Public_Transportation,Insufficient_Weight
609,Male,19.97981,1.75336,54.997374,yes,yes,2.0,3.494849,Sometimes,no,2.976672,no,1.94907,2.0,no,Public_Transportation,Insufficient_Weight
613,Female,19.376997,1.600264,45.0,no,no,3.0,3.0,Frequently,no,2.949419,yes,1.295697,0.0,Sometimes,Public_Transportation,Insufficient_Weight
619,Female,18.372563,1.589829,40.202773,no,yes,2.0,1.075553,Sometimes,no,1.0,no,0.127425,1.679442,Sometimes,Public_Transportation,Insufficient_Weight
620,Female,19.931667,1.653209,49.026214,no,no,2.530066,3.0,Sometimes,no,1.965237,no,2.0,1.0,Sometimes,Public_Transportation,Insufficient_Weight
622,Female,18.006742,1.7,50.0,no,yes,1.003566,3.238258,Frequently,no,1.014634,no,0.783676,1.0,Sometimes,Public_Transportation,Insufficient_Weight
624,Male,16.496978,1.691206,50.0,no,yes,2.0,1.630846,Sometimes,no,2.975528,no,0.548991,0.369134,Sometimes,Public_Transportation,Insufficient_Weight
625,Male,18.0,1.788459,51.552595,no,yes,2.897899,3.0,Sometimes,no,1.835545,no,1.162519,1.0,Sometimes,Public_Transportation,Insufficient_Weight
626,Male,17.377131,1.811238,58.83071,yes,yes,2.483979,3.762778,Sometimes,no,2.0,no,2.0,0.930051,no,Automobile,Insufficient_Weight
627,Female,16.611837,1.830068,43.534531,no,yes,2.945967,3.0,Sometimes,no,2.953192,no,2.830911,1.466667,Sometimes,Public_Transportation,Insufficient_Weight
628,Male,17.080493,1.782756,56.029418,yes,yes,2.0,4.0,Sometimes,no,2.28525,no,2.0,1.162801,no,Automobile,Insufficient_Weight
630,Female,17.764764,1.78656,50.0,no,yes,2.784464,4.0,Sometimes,no,1.0,no,2.0,1.0,Sometimes,Public_Transportation,Insufficient_Weight
631,Female,19.272573,1.71367,50.0,no,yes,1.005578,4.0,Frequently,no,1.0,no,1.683957,0.704978,Sometimes,Public_Transportation,Insufficient_Weight
632,Female,19.0,1.540375,42.006282,no,no,2.938031,2.705445,Frequently,no,1.333807,yes,1.877369,0.370973,Sometimes,Public_Transportation,Insufficient_Weight
633,Male,17.06713,1.896734,59.895052,yes,yes,2.842102,3.34175,Sometimes,no,2.0,no,2.511157,0.560351,no,Automobile,Insufficient_Weight
635,Female,18.0,1.704193,50.631889,no,yes,2.0,3.0,Sometimes,no,2.0,no,0.0,1.525597,Sometimes,Public_Transportation,Insufficient_Weight
636,Female,19.054008,1.556611,39.695295,no,yes,1.889199,2.217651,Sometimes,no,2.013605,no,2.075293,1.683261,Sometimes,Public_Transportation,Insufficient_Weight
637,Male,18.0,1.845399,60.0,yes,yes,3.0,4.0,Sometimes,no,2.0,no,2.0,0.0,no,Automobile,Insufficient_Weight
638,Male,17.491272,1.834637,59.990861,yes,yes,2.943749,4.0,Sometimes,no,2.0,no,2.0,0.128895,no,Automobile,Insufficient_Weight
639,Male,18.0,1.721854,52.514302,yes,yes,2.33998,3.0,Sometimes,no,2.0,no,0.027433,1.884138,Sometimes,Public_Transportation,Insufficient_Weight
641,Female,19.220108,1.530266,42.0,no,yes,3.0,1.0,Frequently,no,1.954889,no,0.0,0.907868,Sometimes,Public_Transportation,Insufficient_Weight
642,Male,18.0,1.71889,52.058335,yes,yes,1.950742,3.0,Sometimes,no,1.751723,no,0.201136,1.743319,Sometimes,Public_Transportation,Insufficient_Weight
643,Male,19.96247,1.756338,54.98234,yes,yes,2.277436,3.502604,Sometimes,no,2.891713,no,1.696294,1.894902,no,Public_Transportation,Insufficient_Weight
644,Male,17.580627,1.770324,55.695253,yes,yes,2.0,4.0,Sometimes,no,2.369627,no,2.0,1.612466,no,Automobile,Insufficient_Weight
655,Female,18.91505,1.633316,45.0,no,yes,3.0,3.0,Sometimes,no,2.924594,yes,1.352558,0.220087,Sometimes,Public_Transportation,Insufficient_Weight
656,Female,19.0,1.559567,42.12617,no,yes,3.0,1.989398,Sometimes,no,2.241607,no,0.206025,0.284453,no,Public_Transportation,Insufficient_Weight
657,Female,19.052833,1.546551,42.069992,no,yes,3.0,1.735493,Sometimes,no,2.318736,no,1.193486,0.74568,no,Public_Transportation,Insufficient_Weight
658,Female,19.59904,1.566501,41.706283,no,yes,2.967853,1.0,Frequently,no,1.131185,no,0.0,0.504176,Sometimes,Public_Transportation,Insufficient_Weight
660,Female,19.673262,1.599486,44.810751,no,no,3.0,2.974568,Frequently,no,1.145761,yes,0.87967,0.0,Sometimes,Public_Transportation,Insufficient_Weight
666,Female,18.909439,1.732096,50.0,no,yes,1.053534,3.378859,Sometimes,no,1.0,no,1.853425,0.861809,Sometimes,Public_Transportation,Insufficient_Weight
668,Male,19.084317,1.851123,61.264785,yes,yes,3.0,3.994588,Sometimes,no,2.548527,no,1.285976,0.267076,Sometimes,Automobile,Insufficient_Weight
670,Male,18.068767,1.787787,52.0,yes,yes,3.0,3.0,Sometimes,no,2.0,no,0.854337,1.0,Sometimes,Public_Transportation,Insufficient_Weight
672,Male,18.038422,1.698914,51.692272,yes,yes,2.824559,3.0,Sometimes,no,2.0,no,0.533309,1.099764,Sometimes,Public_Transportation,Insufficient_Weight
673,Female,18.874591,1.533609,41.669346,no,yes,2.762325,1.163666,Sometimes,no,1.30491,no,0.25289,1.001405,Sometimes,Public_Transportation,Insufficient_Weight
674,Female,19.21164,1.567981,41.934368,no,yes,2.070964,1.0,Sometimes,no,1.676975,no,0.0,1.718513,Sometimes,Public_Transportation,Insufficient_Weight
675,Female,18.988581,1.544263,41.535047,no,yes,2.68601,1.0,Sometimes,no,1.310074,no,0.0,1.0647,Sometimes,Public_Transportation,Insufficient_Weight
676,Female,19.408999,1.670552,49.804245,no,yes,2.794197,3.409363,Sometimes,no,1.543021,no,2.0,1.0,Sometimes,Public_Transportation,Insufficient_Weight
677,Female,19.665881,1.676346,49.105025,no,no,2.720701,3.0,Sometimes,no,2.0,no,1.862235,1.0,Sometimes,Public_Transportation,Insufficient_Weight
678,Female,19.758286,1.667404,49.125955,no,no,2.880792,3.281391,Sometimes,no,1.960131,no,1.513029,1.0,Sometimes,Public_Transportation,Insufficient_Weight
682,Female,19.007177,1.690727,49.895716,no,yes,1.212908,3.207071,Sometimes,no,1.029703,no,2.0,1.0,Sometimes,Public_Transportation,Insufficient_Weight
683,Female,18.288205,1.713564,50.0,no,yes,1.140615,3.471536,Sometimes,no,1.0,no,2.0,1.0,Sometimes,Public_Transportation,Insufficient_Weight
684,Female,19.314429,1.67231,49.713944,no,yes,2.562409,3.488342,Sometimes,no,1.67062,no,2.0,1.0,Sometimes,Public_Transportation,Insufficient_Weight
688,Male,17.729923,1.732862,51.216463,no,yes,2.051283,2.645858,Sometimes,no,2.35752,no,0.291309,0.897942,Sometimes,Public_Transportation,Insufficient_Weight
689,Female,16.834813,1.74402,50.0,no,yes,2.19005,3.420618,Sometimes,no,1.356405,no,1.351996,0.98468,Sometimes,Public_Transportation,Insufficient_Weight
690,Male,17.521754,1.757958,52.09432,no,yes,2.21498,2.64155,Sometimes,no,2.121251,no,0.998391,0.85882,Sometimes,Public_Transportation,Insufficient_Weight
691,Male,18.0,1.786758,51.524444,no,yes,2.91548,3.0,Sometimes,no,1.777486,no,1.077469,1.0,Sometimes,Public_Transportation,Insufficient_Weight
692,Male,18.0,1.767058,51.132809,yes,yes,2.708965,3.0,Sometimes,no,1.873004,no,1.21718,1.0,Sometimes,Public_Transportation,Insufficient_Weight
693,Male,18.128249,1.699437,52.08657,yes,yes,2.853513,3.0,Sometimes,no,2.0,no,0.680464,1.258881,Sometimes,Public_Transportation,Insufficient_Weight
694,Male,17.405104,1.82525,58.913579,yes,yes,2.580872,3.887906,Sometimes,no,2.0,no,2.0,0.453649,no,Automobile,Insufficient_Weight
695,Male,19.72925,1.793315,58.19515,yes,yes,2.508835,3.435905,Sometimes,no,2.076933,no,2.026668,1.443328,no,Automobile,Insufficient_Weight
696,Male,18.525834,1.776989,57.275946,yes,yes,2.0,3.747163,Sometimes,no,2.575535,no,2.0,1.84383,no,Automobile,Insufficient_Weight
697,Female,18.595614,1.609495,42.656563,no,yes,2.896562,2.625475,Sometimes,no,2.839558,yes,1.949667,1.253311,no,Public_Transportation,Insufficient_Weight
698,Female,16.613108,1.777929,44.762023,no,yes,2.911877,3.098399,Sometimes,no,2.196405,no,2.328147,1.55011,Sometimes,Public_Transportation,Insufficient_Weight
699,Female,16.928791,1.710948,45.248627,no,yes,2.910733,3.12544,Sometimes,no,2.204263,no,2.407906,1.403037,Sometimes,Public_Transportation,Insufficient_Weight
700,Male,17.758315,1.854162,59.881316,yes,yes,2.966126,3.96981,Sometimes,no,2.0,no,2.000088,0.378619,no,Automobile,Insufficient_Weight
701,Male,17.282945,1.821514,59.605028,yes,yes,2.613249,3.712183,Sometimes,no,2.0,no,2.002997,0.174848,no,Automobile,Insufficient_Weight
702,Male,19.993154,1.762073,55.511075,yes,yes,2.0,4.0,Sometimes,no,2.542415,no,2.0,1.807465,no,Automobile,Insufficient_Weight
706,Female,19.317148,1.731195,49.650897,no,yes,2.919751,3.576103,Sometimes,no,1.949308,no,1.940182,1.0,Sometimes,Public_Transportation,Insufficient_Weight
707,Female,16.910997,1.74823,49.928447,no,yes,2.494451,3.56544,Sometimes,no,1.491268,no,1.951027,0.956204,Sometimes,Public_Transportation,Insufficient_Weight
708,Female,19.071027,1.756865,49.699672,no,yes,1.69427,3.266644,Sometimes,no,1.095417,no,2.0,1.0,Sometimes,Public_Transportation,Insufficient_Weight
709,Female,18.019572,1.701378,50.088468,no,yes,1.601236,3.433908,Sometimes,no,1.055019,no,0.819269,1.030848,Sometimes,Public_Transportation,Insufficient_Weight
710,Female,19.735968,1.699956,49.98297,no,yes,1.204855,3.531038,Sometimes,no,1.134658,no,2.0,1.0,Sometimes,Public_Transportation,Insufficient_Weight
711,Female,18.094079,1.723328,50.0,no,yes,1.052699,3.998618,Frequently,no,1.0,no,2.0,1.0,Sometimes,Public_Transportation,Insufficient_Weight
712,Female,19.054938,1.585886,42.541794,no,no,2.910345,3.0,Frequently,no,1.0,yes,1.461005,0.0,Sometimes,Public_Transportation,Insufficient_Weight
714,Female,19.349258,1.52337,42.0,no,yes,2.913486,1.060796,Frequently,no,1.596212,no,0.108948,0.773087,Sometimes,Public_Transportation,Insufficient_Weight
715,Male,17.0,1.844749,59.313525,yes,yes,2.432886,3.0,Sometimes,no,2.0,no,2.697949,1.0,no,Automobile,Insufficient_Weight
716,Male,17.203917,1.853325,59.619485,yes,yes,2.883745,3.595761,Sometimes,no,2.0,no,2.077653,0.714701,no,Automobile,Insufficient_Weight
717,Male,17.671064,1.854706,59.20945,yes,yes,2.707666,3.737914,Sometimes,no,2.026547,no,2.009397,0.613971,no,Automobile,Insufficient_Weight
721,Female,17.823438,1.708406,50.0,no,yes,1.642241,3.45259,Sometimes,no,1.099231,no,0.418875,1.0,Sometimes,Public_Transportation,Insufficient_Weight
722,Female,18.0,1.763465,50.279053,no,yes,1.567101,3.0,Sometimes,no,1.994139,no,0.107981,1.0,Sometimes,Public_Transportation,Insufficient_Weight
723,Female,18.281092,1.7,50.0,no,yes,1.036414,3.205587,Sometimes,no,1.745959,no,0.115974,1.0,Sometimes,Public_Transportation,Insufficient_Weight
724,Female,18.656912,1.574017,41.220175,no,yes,1.649974,1.513835,Sometimes,no,1.549974,no,0.227802,1.972926,Sometimes,Public_Transportation,Insufficient_Weight
725,Female,19.994543,1.537739,39.101805,no,yes,1.118436,3.0,Sometimes,no,1.997744,no,2.432443,1.626194,Sometimes,Public_Transportation,Insufficient_Weight
727,Male,19.865895,1.76033,55.3707,yes,yes,2.120185,4.0,Sometimes,no,2.582165,no,2.0,1.510609,no,Automobile,Insufficient_Weight
728,Male,17.888073,1.841879,60.0,yes,yes,3.0,3.732126,Sometimes,no,2.0,no,2.000934,0.384662,no,Automobile,Insufficient_Weight
729,Male,18.470562,1.856406,58.673963,yes,yes,2.34222,3.937099,Sometimes,no,2.311791,no,2.013377,1.128355,no,Automobile,Insufficient_Weight
730,Male,17.925497,1.829142,59.933015,yes,yes,2.86099,4.0,Sometimes,no,2.0,no,2.0,0.007872,no,Automobile,Insufficient_Weight
731,Male,17.000752,1.822084,58.443049,yes,yes,2.559571,3.047959,Sometimes,no,2.0,no,2.011646,0.588994,no,Automobile,Insufficient_Weight
732,Male,17.362129,1.80671,59.243506,yes,yes,2.424977,4.0,Sometimes,no,2.0,no,2.0,0.03921,no,Automobile,Insufficient_Weight
733,Male,18.0,1.707259,50.664459,yes,yes,1.786841,3.0,Sometimes,no,1.546856,no,0.512094,1.608265,Sometimes,Public_Transportation,Insufficient_Weight
734,Male,18.0,1.708107,51.314659,yes,yes,1.303878,3.0,Sometimes,no,1.755497,no,0.062932,1.672532,Sometimes,Public_Transportation,Insufficient_Weight
735,Male,18.0,1.739344,50.951444,yes,yes,1.889883,3.0,Sometimes,no,1.959531,no,0.520407,1.151166,Sometimes,Public_Transportation,Insufficient_Weight
736,Female,19.029494,1.573987,44.316254,no,no,2.984004,3.0,Frequently,no,1.015249,yes,1.327833,0.0,Sometimes,Public_Transportation,Insufficient_Weight
737,Female,19.269079,1.58092,44.753943,no,no,3.0,2.975362,Frequently,no,1.246822,yes,0.979701,0.0,Sometimes,Public_Transportation,Insufficient_Weight
738,Female,19.946244,1.603435,45.0,no,no,3.0,3.0,Frequently,no,2.487919,yes,1.230441,0.0,Sometimes,Public_Transportation,Insufficient_Weight
739,Female,19.639431,1.53535,42.0,no,yes,3.0,1.0,Frequently,no,1.49681,no,0.0,0.513427,Sometimes,Public_Transportation,Insufficient_Weight
740,Female,19.0,1.53161,42.0,no,yes,2.749268,1.394539,Frequently,no,1.322048,no,0.463949,0.800993,Sometimes,Public_Transportation,Insufficient_Weight
741,Female,19.434709,1.525691,42.0,no,yes,3.0,1.0,Frequently,no,1.764055,no,0.0,0.560887,Sometimes,Public_Transportation,Insufficient_Weight
742,Male,18.0,1.719827,52.289828,yes,yes,1.202075,3.0,Sometimes,no,1.927976,no,0.023574,1.747256,Sometimes,Public_Transportation,Insufficient_Weight
743,Male,18.381382,1.722547,53.783977,yes,yes,2.0,3.131032,Sometimes,no,2.072194,no,1.487987,2.0,Sometimes,Public_Transportation,Insufficient_Weight
744,Male,18.0,1.738702,50.248677,yes,yes,1.871213,3.0,Sometimes,no,1.283738,no,0.684879,1.487223,Sometimes,Public_Transportation,Insufficient_Weight
750,Male,19.114981,1.855543,88.965521,yes,yes,2.0,3.0,Sometimes,no,1.015677,no,0.0,0.37465,Sometimes,Public_Transportation,Overweight_Level_I
754,Female,18.836315,1.751631,80.0,yes,yes,2.0,1.73762,Sometimes,no,2.207978,no,2.641072,0.707044,Frequently,Public_Transportation,Overweight_Level_I
767,Male,19.623574,1.818226,85.833029,yes,yes,2.954996,3.714833,Sometimes,no,2.430918,no,2.545931,0.469735,Sometimes,Public_Transportation,Overweight_Level_I
768,Male,19.637947,1.809101,85.0,yes,yes,3.0,3.0,Sometimes,no,2.229171,no,1.607953,0.628059,Sometimes,Public_Transportation,Overweight_Level_I
772,Male,20.0,1.831357,89.652557,yes,yes,2.555401,3.292386,Sometimes,no,3.0,no,2.0,0.315918,Sometimes,Public_Transportation,Overweight_Level_I
775,Male,18.128206,1.778447,80.273807,yes,yes,1.570089,3.0,Sometimes,no,2.0,no,2.707882,0.0,no,Public_Transportation,Overweight_Level_I
780,Male,19.816949,1.806947,85.079589,yes,yes,2.0,3.0,Sometimes,no,2.292073,no,1.067817,0.19668,Sometimes,Public_Transportation,Overweight_Level_I
784,Female,16.941489,1.551288,54.93242,no,yes,1.75375,1.296156,Sometimes,no,2.0,yes,0.110174,1.944675,Sometimes,Public_Transportation,Overweight_Level_I
785,Female,16.172992,1.603842,65.0,yes,yes,2.543563,1.0,Sometimes,no,2.0,yes,0.694281,1.056911,Sometimes,Public_Transportation,Overweight_Level_I
790,Male,19.076443,1.62,69.529625,no,yes,2.278644,1.0,Sometimes,no,2.628985,no,1.0,1.285373,Sometimes,Public_Transportation,Overweight_Level_I
791,Female,16.30687,1.616366,67.183128,yes,yes,1.620845,1.0,Sometimes,no,2.0,yes,0.926592,1.657098,no,Public_Transportation,Overweight_Level_I
792,Female,18.297229,1.637396,70.0,yes,yes,2.0,1.999014,Sometimes,no,2.326165,no,0.00705,0.0,no,Public_Transportation,Overweight_Level_I
793,Female,18.610761,1.550723,60.628321,no,yes,2.823179,2.644692,Sometimes,no,1.226764,yes,0.747528,0.008899,Sometimes,Public_Transportation,Overweight_Level_I
794,Female,17.451085,1.6,65.0,yes,yes,3.0,2.449723,Sometimes,no,2.0,yes,0.479592,1.720642,Sometimes,Public_Transportation,Overweight_Level_I
797,Male,18.026457,1.752123,80.0,yes,yes,2.0,2.794156,Sometimes,no,2.377362,no,0.101236,0.105895,no,Public_Transportation,Overweight_Level_I
798,Male,19.47554,1.857231,88.138777,yes,yes,2.061952,4.0,Sometimes,no,2.426465,no,2.0,0.160138,Sometimes,Public_Transportation,Overweight_Level_I
799,Female,19.0,1.76,79.544998,yes,yes,2.0,1.146794,Sometimes,no,3.0,no,1.809745,1.690102,Frequently,Public_Transportation,Overweight_Level_I
800,Female,18.0,1.644682,68.392133,yes,yes,2.0,1.131695,Sometimes,no,1.344539,no,0.0,1.59257,no,Public_Transportation,Overweight_Level_I
801,Female,18.270434,1.737165,76.699774,yes,yes,2.838969,3.0,Sometimes,no,2.425927,no,1.0,1.453335,Frequently,Public_Transportation,Overweight_Level_I
802,Female,19.816228,1.507853,64.259379,no,yes,2.568063,3.0,Sometimes,no,1.817983,yes,0.0,0.0,Sometimes,Public_Transportation,Overweight_Level_I
811,Male,19.741202,1.816783,86.522799,yes,yes,2.0,3.0,Sometimes,no,2.177386,no,0.336814,0.004813,Sometimes,Public_Transportation,Overweight_Level_I
812,Male,19.21638,1.812472,86.748295,yes,yes,2.0,3.0,Sometimes,no,2.168651,no,0.977998,0.142638,Sometimes,Public_Transportation,Overweight_Level_I
818,Male,18.900253,1.750359,79.828725,yes,yes,2.0,2.228113,Sometimes,no,2.045004,no,1.293665,0.961806,Frequently,Public_Transportation,Overweight_Level_I
839,Male,19.789291,1.820643,85.0,yes,yes,3.0,3.0,Sometimes,no,2.759246,no,1.763277,0.453314,Sometimes,Public_Transportation,Overweight_Level_I
840,Male,19.895877,1.80733,85.073801,yes,yes,2.801514,3.0,Sometimes,no,2.734782,no,2.207881,0.143675,Sometimes,Public_Transportation,Overweight_Level_I
841,Male,19.693804,1.8,85.0,yes,yes,2.188722,3.0,Sometimes,no,2.721356,no,1.528968,1.0,Sometimes,Public_Transportation,Overweight_Level_I
842,Male,19.226314,1.814255,85.255631,yes,yes,2.971351,3.390143,Sometimes,no,2.133767,no,2.318492,0.678618,Sometimes,Public_Transportation,Overweight_Level_I
848,Male,19.337404,1.859927,87.105828,yes,yes,2.21232,4.0,Sometimes,no,2.374044,no,2.0,0.622638,Sometimes,Public_Transportation,Overweight_Level_I
853,Female,19.0,1.779882,80.091886,yes,yes,1.078529,1.211606,Sometimes,no,2.568063,no,3.0,0.817983,no,Public_Transportation,Overweight_Level_I
860,Male,20.0,1.81748,85.0,yes,yes,2.95118,3.0,Sometimes,no,3.0,no,2.433918,0.561602,Sometimes,Public_Transportation,Overweight_Level_I
865,Female,18.0,1.456346,55.523481,no,yes,2.0,3.0,Sometimes,no,1.040342,yes,0.497373,1.783319,Sometimes,Public_Transportation,Overweight_Level_I
866,Female,18.0,1.498561,55.376512,no,yes,2.0,3.0,Sometimes,no,1.274718,yes,0.129902,0.978574,Sometimes,Public_Transportation,Overweight_Level_I
867,Female,16.950499,1.603501,65.0,yes,yes,2.96008,1.0,Sometimes,no,2.0,yes,0.736032,1.344072,no,Public_Transportation,Overweight_Level_I
874,Female,16.38009,1.617124,67.913561,yes,yes,2.851664,1.0,Sometimes,no,2.0,no,0.977929,1.765321,no,Public_Transportation,Overweight_Level_I
875,Female,16.865984,1.644053,67.439589,yes,yes,1.31415,1.068196,Sometimes,no,1.364957,yes,0.0,0.057926,no,Public_Transportation,Overweight_Level_I
876,Female,16.093234,1.608914,65.0,yes,yes,1.321028,1.0,Sometimes,no,2.0,yes,0.371452,0.965604,no,Public_Transportation,Overweight_Level_I
877,Female,18.0,1.647971,68.818893,yes,yes,2.0,1.411685,Sometimes,no,1.859089,no,0.0,1.306,no,Public_Transportation,Overweight_Level_I
878,Female,18.83919,1.624831,69.975607,yes,yes,2.253998,2.752318,Sometimes,no,2.328331,no,0.815509,0.024088,no,Public_Transportation,Overweight_Level_I
879,Female,19.726522,1.508267,61.10403,no,yes,2.778079,3.0,Sometimes,no,1.696691,yes,0.94224,0.879925,Sometimes,Public_Transportation,Overweight_Level_I
880,Female,18.947102,1.518917,60.267427,no,yes,2.838037,2.737571,Sometimes,no,1.144467,yes,0.753782,1.286844,Sometimes,Public_Transportation,Overweight_Level_I
881,Female,17.781183,1.6,65.0,yes,yes,3.0,2.973504,Sometimes,no,2.0,yes,0.178976,0.166076,Sometimes,Public_Transportation,Overweight_Level_I
884,Female,18.985119,1.759117,80.0,yes,yes,2.0,1.411808,Sometimes,no,2.651194,no,2.878414,0.953841,no,Public_Transportation,Overweight_Level_I
885,Female,18.871917,1.755254,80.0,yes,yes,2.0,1.095223,Sometimes,no,2.474132,no,2.876696,0.7939,no,Public_Transportation,Overweight_Level_I
886,Male,19.478533,1.804099,85.196279,yes,yes,2.459976,3.30846,Sometimes,no,2.078011,no,1.779646,0.871772,Sometimes,Public_Transportation,Overweight_Level_I
887,Male,19.429723,1.813567,86.144904,yes,yes,2.643183,3.821461,Sometimes,no,2.397124,no,2.044165,0.471663,Sometimes,Public_Transportation,Overweight_Level_I
889,Female,18.869151,1.756774,79.989789,yes,yes,2.0,2.658639,Sometimes,no,2.781628,no,1.955992,1.409198,Frequently,Public_Transportation,Overweight_Level_I
890,Female,18.236087,1.62,69.3899,yes,yes,2.22399,1.0,Sometimes,no,2.20312,no,0.104451,1.899073,no,Public_Transportation,Overweight_Level_I
892,Female,17.08525,1.535618,57.259124,no,yes,1.972545,2.339614,Sometimes,no,1.711074,yes,0.095517,1.191053,Sometimes,Public_Transportation,Overweight_Level_I
901,Male,19.241058,1.856811,88.633616,yes,yes,2.047069,3.829101,Sometimes,no,1.641022,no,1.554817,0.248218,Sometimes,Public_Transportation,Overweight_Level_I
907,Female,18.845518,1.753471,80.0,yes,yes,2.0,1.391778,Sometimes,no,2.64548,no,2.685087,0.97554,no,Public_Transportation,Overweight_Level_I
927,Male,19.97166,1.822573,85.084364,yes,yes,2.995599,3.095663,Sometimes,no,2.568157,no,2.7243,0.330457,Sometimes,Public_Transportation,Overweight_Level_I
928,Male,19.627,1.815409,85.302146,yes,yes,2.987148,3.483449,Sometimes,no,2.359246,no,2.060415,0.598999,Sometimes,Public_Transportation,Overweight_Level_I
934,Male,19.576682,1.834715,89.429199,yes,yes,2.342323,3.60885,Sometimes,no,2.878866,no,2.0,0.208323,Sometimes,Public_Transportation,Overweight_Level_I
939,Male,18.721041,1.775626,80.113493,yes,yes,1.687569,2.756405,Sometimes,no,2.079131,no,2.931527,0.68173,no,Public_Transportation,Overweight_Level_I
946,Male,19.637203,1.814182,85.301029,yes,yes,2.923916,3.335876,Sometimes,no,2.372444,no,1.305633,0.311436,Sometimes,Public_Transportation,Overweight_Level_I
951,Female,17.420269,1.489409,53.620604,no,yes,1.836554,1.865238,Sometimes,no,2.0,yes,0.320209,1.969507,Sometimes,Public_Transportation,Overweight_Level_I
952,Female,17.807828,1.518067,55.822119,no,yes,1.773265,2.118153,Sometimes,no,1.075239,yes,0.085388,1.915191,Sometimes,Public_Transportation,Overweight_Level_I
953,Female,16.240576,1.616533,65.062945,yes,yes,2.388168,1.0,Sometimes,no,1.438018,yes,0.110887,1.165817,no,Public_Transportation,Overweight_Level_I
958,Male,19.858973,1.62,69.575315,no,yes,2.185938,1.0,no,no,2.81353,no,1.0,1.110222,Sometimes,Public_Transportation,Overweight_Level_I
959,Female,16.370009,1.613921,66.738769,yes,yes,2.206399,1.0,Sometimes,no,2.0,yes,0.94893,1.772463,no,Public_Transportation,Overweight_Level_I
960,Female,17.992717,1.618683,67.193585,yes,yes,1.952987,1.0,Sometimes,no,1.334856,yes,0.732276,1.890214,no,Public_Transportation,Overweight_Level_I
961,Male,19.179932,1.637537,70.0,yes,yes,2.0,1.030416,Sometimes,no,2.118716,no,0.529259,0.0,no,Public_Transportation,Overweight_Level_I
962,Female,19.621545,1.566524,61.616,no,yes,2.908757,2.696051,Sometimes,no,1.622827,yes,0.539952,0.001096,Sometimes,Public_Transportation,Overweight_Level_I
963,Female,19.755797,1.542328,63.856193,no,yes,2.628791,2.762883,Sometimes,no,1.512035,yes,0.303722,0.003229,Sometimes,Public_Transportation,Overweight_Level_I
964,Female,17.099015,1.6,65.0,yes,yes,3.0,2.401341,Sometimes,no,2.0,yes,0.663896,1.753745,Sometimes,Public_Transportation,Overweight_Level_I
965,Female,17.25813,1.600184,65.0,yes,yes,2.749629,2.298612,Sometimes,no,2.0,yes,0.547515,1.619473,Sometimes,Public_Transportation,Overweight_Level_I
969,Male,18.014333,1.751029,80.0,yes,yes,2.0,2.805436,Sometimes,no,2.122884,no,0.045651,0.017225,Frequently,Public_Transportation,Overweight_Level_I
970,Male,19.685,1.838266,89.496905,yes,yes,2.153639,3.715148,Sometimes,no,2.703337,no,2.0,0.226097,Sometimes,Public_Transportation,Overweight_Level_I
971,Male,19.506389,1.824449,87.656029,yes,yes,2.793561,3.788602,Sometimes,no,2.429059,no,2.094542,0.393358,Sometimes,Public_Transportation,Overweight_Level_I
972,Female,19.0,1.76,79.349221,yes,yes,2.0,1.893811,Sometimes,no,3.0,no,1.376229,1.801322,no,Public_Transportation,Overweight_Level_I
973,Female,18.0,1.622241,68.250249,yes,yes,2.0,1.010319,Sometimes,no,1.319437,no,0.0,1.626456,no,Public_Transportation,Overweight_Level_I
974,Female,18.003153,1.729996,75.816864,yes,yes,2.992329,3.0,Sometimes,no,2.004908,no,1.0,1.405086,Frequently,Public_Transportation,Overweight_Level_I
975,Female,18.052394,1.725233,75.970712,yes,yes,2.927409,3.0,Sometimes,no,2.209991,no,1.0,0.797215,Frequently,Public_Transportation,Overweight_Level_I
976,Female,19.774317,1.541039,64.726948,no,yes,2.706134,2.669766,Sometimes,no,1.979848,yes,0.445238,0.908836,Sometimes,Public_Transportation,Overweight_Level_I
991,Male,19.108796,1.768578,87.803311,yes,yes,2.754646,3.0,Sometimes,no,2.957821,no,2.242754,0.786609,Sometimes,Public_Transportation,Overweight_Level_II
1004,Male,17.570089,1.7,83.199034,yes,no,2.097373,2.547086,Sometimes,no,1.538626,no,1.0,0.761898,no,Public_Transportation,Overweight_Level_II
1005,Female,19.027574,1.659877,77.272652,yes,yes,2.061461,2.812283,Sometimes,no,3.0,no,0.362441,0.78519,Sometimes,Public_Transportation,Overweight_Level_II
1016,Male,18.118277,1.654757,80.0,yes,yes,2.821977,2.044035,Sometimes,no,1.954968,no,1.0,0.854536,no,Public_Transportation,Overweight_Level_II
1031,Female,18.863875,1.560029,71.728069,yes,no,3.0,3.339914,Sometimes,no,2.0,no,1.0,1.0,Sometimes,Public_Transportation,Overweight_Level_II
1032,Female,18.951144,1.621048,72.105856,yes,no,3.0,3.884861,Sometimes,no,2.0,no,1.0,1.0,Sometimes,Public_Transportation,Overweight_Level_II
1033,Male,19.671876,1.699474,78.0,yes,no,1.925064,2.358298,Sometimes,no,2.774043,no,0.0,0.133566,no,Public_Transportation,Overweight_Level_II
1035,Male,17.971574,1.720379,85.0,yes,yes,2.0,3.0,Sometimes,no,2.802498,no,1.0,0.41758,Sometimes,Public_Transportation,Overweight_Level_II
1036,Male,18.0,1.758787,85.050558,yes,yes,2.846981,3.0,Sometimes,no,2.87781,no,1.0,0.429081,Sometimes,Public_Transportation,Overweight_Level_II
1037,Male,18.701766,1.704908,81.384224,yes,yes,2.650629,1.0,Sometimes,no,1.708083,no,1.876051,0.938791,Sometimes,Public_Transportation,Overweight_Level_II
1039,Male,17.178483,1.78629,95.277392,yes,yes,2.0,3.0,Sometimes,no,3.0,no,1.072318,0.651904,Sometimes,Public_Transportation,Overweight_Level_II
1043,Female,20.0,1.625236,74.433362,yes,no,2.522399,1.032887,Sometimes,no,2.397653,no,2.358699,0.440087,Sometimes,Public_Transportation,Overweight_Level_II
1044,Female,18.549437,1.545196,72.467862,yes,no,3.0,3.014808,Sometimes,no,2.0,no,1.997529,1.0,Sometimes,Public_Transportation,Overweight_Level_II
1047,Male,19.703095,1.704141,78.790936,yes,no,1.650505,3.0,Sometimes,no,2.0,no,1.73234,1.0,Sometimes,Public_Transportation,Overweight_Level_II
1048,Male,19.223259,1.706082,78.073528,yes,no,1.961347,3.0,Sometimes,no,2.0,no,1.655488,1.0,Sometimes,Public_Transportation,Overweight_Level_II
1053,Male,18.0,1.751278,86.963628,yes,no,3.0,3.0,Sometimes,no,2.0,no,1.271667,0.155278,Sometimes,Public_Transportation,Overweight_Level_II
1058,Female,19.911246,1.530248,68.85097,yes,no,2.258795,3.53009,Sometimes,no,1.172186,no,0.678943,1.0,no,Public_Transportation,Overweight_Level_II
1072,Male,19.443639,1.744733,87.27989,yes,yes,2.442536,3.0,Sometimes,no,2.825629,no,3.0,0.0,Sometimes,Public_Transportation,Overweight_Level_II
1081,Male,17.441593,1.7,83.414072,yes,no,2.061384,2.579291,Sometimes,no,1.909253,no,1.0,0.962468,Sometimes,Public_Transportation,Overweight_Level_II
1082,Female,19.126145,1.633794,77.858532,yes,no,2.696381,3.0,Sometimes,no,2.472964,no,1.856119,1.0,Sometimes,Public_Transportation,Overweight_Level_II
1099,Female,19.821996,1.653431,75.090439,yes,no,2.766036,2.443812,Sometimes,no,2.707927,no,0.702839,0.827439,Sometimes,Public_Transportation,Overweight_Level_II
1100,Male,19.149706,1.699818,78.0,yes,no,1.096455,2.491315,Sometimes,no,2.450069,no,0.0,0.726118,Sometimes,Public_Transportation,Overweight_Level_II
1102,Male,17.894784,1.731389,84.064875,yes,no,2.019674,2.843319,Sometimes,no,2.832004,no,1.0,0.608607,Sometimes,Public_Transportation,Overweight_Level_II
1103,Male,18.88485,1.699667,79.67793,yes,no,2.735297,2.157164,Sometimes,no,1.087166,no,0.110174,0.003695,no,Public_Transportation,Overweight_Level_II
1108,Female,19.027417,1.588147,73.939268,yes,no,3.0,3.362758,Sometimes,no,2.0,no,2.892922,1.0,Sometimes,Public_Transportation,Overweight_Level_II
1111,Male,18.011718,1.680991,79.752916,yes,yes,2.413156,2.521546,Sometimes,no,1.985312,no,0.00705,0.965464,Sometimes,Public_Transportation,Overweight_Level_II
1113,Male,18.0,1.742819,86.565148,yes,yes,3.0,3.0,Sometimes,no,2.0,no,2.040816,0.860321,Sometimes,Public_Transportation,Overweight_Level_II
1115,Male,18.0,1.759721,86.0805,yes,yes,2.882522,3.0,Sometimes,no,2.452986,no,1.0,0.746651,Sometimes,Public_Transportation,Overweight_Level_II
1118,Female,18.198322,1.543338,71.799982,yes,no,3.0,3.087119,Sometimes,no,2.0,no,1.403872,1.0,no,Public_Transportation,Overweight_Level_II
1136,Male,19.795269,1.758972,87.861431,yes,yes,2.332074,3.0,Sometimes,no,2.999495,no,2.405963,0.441502,Sometimes,Public_Transportation,Overweight_Level_II
1137,Female,19.090023,1.562434,70.442775,yes,no,2.748243,3.070386,Sometimes,no,1.962322,no,1.145752,1.0,no,Public_Transportation,Overweight_Level_II
1149,Male,17.689057,1.713599,83.285753,yes,yes,2.009952,2.716106,Sometimes,no,1.660614,no,1.0,0.60473,Sometimes,Public_Transportation,Overweight_Level_II
1150,Male,19.16097,1.662728,77.473204,yes,no,2.008656,1.402771,Sometimes,no,3.0,no,0.112383,0.32803,Sometimes,Public_Transportation,Overweight_Level_II
1161,Male,18.181821,1.662669,79.863546,yes,no,2.492758,2.270163,Sometimes,no,1.992586,no,1.452467,0.864583,no,Public_Transportation,Overweight_Level_II
1176,Female,18.741188,1.556789,71.788181,yes,no,3.0,3.129155,Sometimes,no,2.0,no,1.634134,1.0,no,Public_Transportation,Overweight_Level_II
1177,Female,19.955257,1.5891,72.713611,yes,no,3.0,3.856434,Sometimes,no,2.0,no,1.32417,1.0,Sometimes,Public_Transportation,Overweight_Level_II
1178,Male,19.684891,1.700627,78.048207,yes,no,1.653081,2.753418,Sometimes,no,2.192063,no,1.474937,0.518542,Sometimes,Public_Transportation,Overweight_Level_II
1180,Male,17.997009,1.742654,85.0,yes,no,2.0,3.0,Sometimes,no,2.976229,no,1.0,0.121992,Sometimes,Public_Transportation,Overweight_Level_II
1181,Male,17.971786,1.754441,85.002884,yes,yes,2.765769,3.0,Sometimes,no,2.845134,no,1.0,0.42683,Sometimes,Public_Transportation,Overweight_Level_II
1184,Male,17.039058,1.799902,95.419668,yes,yes,2.0,3.0,Sometimes,no,3.0,no,1.04729,0.933802,Sometimes,Public_Transportation,Overweight_Level_II
1188,Female,19.005725,1.599999,73.513873,yes,no,2.942154,2.667711,Sometimes,no,2.184768,no,1.524405,0.805008,Sometimes,Public_Transportation,Overweight_Level_II
1189,Female,18.850466,1.550053,72.9518,yes,no,3.0,3.000974,Sometimes,no,2.0,no,2.274248,1.0,Sometimes,Public_Transportation,Overweight_Level_II
1192,Male,19.749627,1.680764,79.621463,yes,no,1.83746,3.0,Sometimes,no,2.0,no,1.194519,1.212762,no,Public_Transportation,Overweight_Level_II
1193,Male,19.565496,1.705584,78.025625,yes,no,1.936479,2.837388,Sometimes,no,2.159987,no,1.475772,0.646514,Sometimes,Public_Transportation,Overweight_Level_II
1198,Male,18.0,1.750097,86.372141,yes,yes,2.907062,3.0,Sometimes,no,2.740848,no,1.219827,0.037634,Sometimes,Public_Transportation,Overweight_Level_II
1203,Female,19.462713,1.550122,69.936073,yes,no,2.501683,3.394788,Sometimes,no,1.337378,no,0.932888,1.0,no,Public_Transportation,Overweight_Level_II
1227,Female,18.086772,1.65,82.13682,yes,yes,3.0,3.0,Sometimes,no,1.0,no,1.02975,1.350099,Sometimes,Public_Transportation,Obesity_Type_I
1249,Male,18.178023,1.85478,114.77484,yes,yes,2.0,1.854536,Sometimes,no,2.160169,no,1.0,2.0,Sometimes,Public_Transportation,Obesity_Type_I
1250,Female,18.0,1.685633,90.032671,yes,yes,2.496455,3.0,Sometimes,no,1.850344,no,1.066101,0.732265,Sometimes,Public_Transportation,Obesity_Type_I
1251,Female,18.267696,1.706343,93.348843,yes,yes,1.70825,3.0,Sometimes,no,1.0,no,0.899864,1.0,Sometimes,Public_Transportation,Obesity_Type_I
1256,Male,18.0,1.791174,108.9606,yes,yes,2.0,1.08687,Sometimes,no,2.279124,no,1.0,1.609773,no,Public_Transportation,Obesity_Type_I
1257,Male,18.0,1.82093,108.742005,yes,yes,2.0,1.25535,Sometimes,no,2.497065,no,1.0,1.441605,no,Public_Transportation,Obesity_Type_I
1258,Female,19.442663,1.627812,82.0,yes,yes,1.081585,2.870661,Sometimes,no,1.11756,no,0.0,1.616826,Sometimes,Public_Transportation,Obesity_Type_I
1265,Male,17.6739,1.738465,97.185474,yes,yes,2.0,3.0,Sometimes,no,2.0,no,0.0,0.233314,no,Public_Transportation,Obesity_Type_I
1268,Male,18.0,1.820385,108.395005,yes,yes,2.0,2.164839,Sometimes,no,2.094479,no,1.0,0.676557,Sometimes,Public_Transportation,Obesity_Type_I
1269,Male,18.0,1.792239,108.244379,yes,yes,2.0,2.141839,Sometimes,no,2.939847,no,1.0,0.103056,Sometimes,Public_Transportation,Obesity_Type_I
1271,Female,18.0,1.670058,86.242679,yes,yes,2.609123,3.0,Sometimes,no,1.955053,no,1.186013,0.0,no,Public_Transportation,Obesity_Type_I
1274,Female,18.0,1.609321,84.493156,yes,yes,2.0,3.0,Sometimes,no,1.051735,no,1.0,0.0,no,Public_Transportation,Obesity_Type_I
1276,Male,19.089595,1.700164,99.204695,yes,yes,2.0,2.119826,Sometimes,no,2.0,no,0.0,1.882539,no,Public_Transportation,Obesity_Type_I
1277,Female,18.312665,1.60074,82.249831,yes,yes,2.501236,3.0,Sometimes,no,1.220331,no,0.245003,0.537202,no,Public_Transportation,Obesity_Type_I
1278,Male,18.260079,1.801848,104.741914,yes,yes,2.0,3.0,Sometimes,no,3.0,no,1.783858,0.0,no,Public_Transportation,Obesity_Type_I
1301,Female,16.129279,1.65,85.583485,yes,yes,2.954996,3.0,Sometimes,no,1.0,no,2.091862,1.06053,no,Public_Transportation,Obesity_Type_I
1302,Female,16.913841,1.634832,85.803809,yes,yes,2.061969,3.0,Sometimes,no,1.229171,no,2.392047,1.256119,no,Public_Transportation,Obesity_Type_I
1331,Male,17.052914,1.710616,99.860254,yes,yes,2.0,3.0,Sometimes,no,2.0,no,0.067491,0.894105,no,Public_Transportation,Obesity_Type_I
1332,Male,18.04892,1.721384,99.430612,yes,yes,2.0,3.0,Sometimes,no,2.0,no,1.579431,0.839862,no,Public_Transportation,Obesity_Type_I
1335,Male,18.729566,1.855433,112.875283,yes,yes,2.0,2.427137,Sometimes,no,2.574073,no,1.0,2.0,Sometimes,Public_Transportation,Obesity_Type_I
1337,Female,18.603496,1.681719,90.671871,yes,yes,1.524428,3.0,Sometimes,no,1.383831,no,0.130417,1.0,Sometimes,Public_Transportation,Obesity_Type_I
1343,Male,18.0,1.783906,109.207614,yes,yes,2.0,1.867836,Sometimes,no,2.438398,no,1.0,0.802305,no,Public_Transportation,Obesity_Type_I
1344,Male,18.0,1.844218,109.195529,yes,yes,2.0,1.548407,Sometimes,no,2.191401,no,1.0,1.676944,no,Public_Transportation,Obesity_Type_I
1345,Female,19.431662,1.631662,82.0,yes,yes,2.843456,2.937989,Sometimes,no,1.001995,no,0.0,1.554404,no,Public_Transportation,Obesity_Type_I
1346,Female,18.166318,1.649553,82.323954,yes,yes,2.864776,3.0,Sometimes,no,1.876915,no,0.631565,0.186414,no,Public_Transportation,Obesity_Type_I
1349,Male,19.524698,1.942725,121.657979,yes,yes,2.0,3.0,Sometimes,no,3.0,no,1.0,1.014808,Sometimes,Public_Transportation,Obesity_Type_I
1353,Male,19.034033,1.703098,98.296651,yes,yes,2.0,2.391753,Sometimes,no,2.0,no,0.0,1.119877,no,Public_Transportation,Obesity_Type_I
1354,Male,17.073648,1.706996,99.544696,yes,yes,2.0,3.0,Sometimes,no,2.0,no,1.73209,0.048617,no,Public_Transportation,Obesity_Type_I
1357,Male,18.0,1.784402,108.413119,yes,yes,2.0,2.475444,Sometimes,no,2.655795,no,1.0,0.169879,no,Public_Transportation,Obesity_Type_I
1358,Male,18.0,1.792687,108.204547,yes,yes,2.0,2.478794,Sometimes,no,2.967064,no,1.0,0.4346,no,Public_Transportation,Obesity_Type_I
1361,Female,18.0,1.686904,90.004046,yes,yes,2.737149,3.0,Sometimes,no,1.997195,no,1.352663,0.468483,Sometimes,Public_Transportation,Obesity_Type_I
1362,Female,18.107092,1.703259,91.499683,yes,yes,1.899793,3.0,Sometimes,no,1.439962,no,0.9529,0.838847,Sometimes,Public_Transportation,Obesity_Type_I
1365,Female,18.011903,1.65,84.210535,yes,yes,2.85916,3.0,Sometimes,no,1.0,no,1.020525,0.786066,no,Public_Transportation,Obesity_Type_I
1366,Female,18.0,1.649439,84.897738,yes,yes,2.0,3.0,Sometimes,no,1.039313,no,1.0,0.0,no,Public_Transportation,Obesity_Type_I
1369,Female,18.078256,1.622999,82.403076,yes,yes,2.340405,3.0,Sometimes,no,1.655245,no,1.006884,0.548539,no,Public_Transportation,Obesity_Type_I
1370,Female,18.063582,1.633675,82.459577,yes,yes,2.921576,3.0,Sometimes,no,1.003636,no,1.000227,0.905596,no,Public_Transportation,Obesity_Type_I
1409,Female,18.178076,1.642892,82.144405,yes,yes,2.66889,3.0,Sometimes,no,1.172593,no,0.886448,1.252677,no,Public_Transportation,Obesity_Type_I
1410,Female,18.907514,1.65,82.01831,yes,yes,3.0,3.0,Sometimes,no,1.0,no,0.215187,1.195929,no,Public_Transportation,Obesity_Type_I
1454,Male,18.140751,1.859056,111.235188,yes,yes,2.0,1.706551,Sometimes,no,2.039514,no,1.0,2.0,Sometimes,Public_Transportation,Obesity_Type_I
1455,Female,18.0,1.692242,90.019501,yes,yes,2.642744,3.0,Sometimes,no,1.904054,no,1.645654,0.363549,Sometimes,Public_Transportation,Obesity_Type_I
1456,Female,18.0,1.683,90.924208,yes,yes,2.387426,3.0,Sometimes,no,1.77962,no,0.743005,0.920162,Sometimes,Public_Transportation,Obesity_Type_I
1458,Female,18.152876,1.694969,92.508122,yes,yes,2.107854,3.0,Sometimes,no,1.383894,no,1.030526,0.831412,Sometimes,Public_Transportation,Obesity_Type_I
1467,Male,18.0,1.806827,108.829395,yes,yes,2.0,1.24884,Sometimes,no,2.416213,no,1.0,1.546738,no,Public_Transportation,Obesity_Type_I
1468,Male,18.0,1.811189,108.800964,yes,yes,2.0,1.250548,Sometimes,no,2.121176,no,1.0,0.741069,no,Public_Transportation,Obesity_Type_I
1469,Male,18.0,1.811738,108.897324,yes,yes,2.0,1.202179,Sometimes,no,2.36293,no,1.0,1.47574,no,Public_Transportation,Obesity_Type_I
1470,Male,18.0,1.799779,108.934574,yes,yes,2.0,1.194815,Sometimes,no,2.434832,no,1.0,1.541455,no,Public_Transportation,Obesity_Type_I
1471,Female,19.374207,1.632605,82.0,yes,yes,2.805512,2.880817,Sometimes,no,1.001307,no,0.0,1.376597,Sometimes,Public_Transportation,Obesity_Type_I
1472,Female,19.275687,1.623377,82.851318,yes,yes,1.276858,2.918124,Sometimes,no,1.403784,no,0.552511,1.560402,Sometimes,Public_Transportation,Obesity_Type_I
1478,Male,19.515324,1.879144,112.932984,yes,yes,2.0,2.152733,Sometimes,no,2.53369,no,0.917563,1.285838,Sometimes,Public_Transportation,Obesity_Type_I
1485,Male,18.611197,1.714143,96.568814,yes,yes,2.0,2.967089,Sometimes,no,2.0,no,0.0,0.467048,no,Public_Transportation,Obesity_Type_I
1486,Male,17.412629,1.723191,97.350366,yes,yes,2.0,3.0,Sometimes,no,2.0,no,0.0,0.931721,no,Public_Transportation,Obesity_Type_I
1491,Male,18.0,1.787733,108.019211,yes,yes,2.0,2.37985,Sometimes,no,2.616138,no,1.0,0.652485,no,Public_Transportation,Obesity_Type_I
1492,Male,18.0,1.782722,108.044313,yes,yes,2.0,2.655265,Sometimes,no,2.297896,no,1.0,0.552665,no,Public_Transportation,Obesity_Type_I
1493,Male,18.0,1.797523,108.316462,yes,yes,2.0,1.941307,Sometimes,no,2.708168,no,1.0,1.425852,no,Public_Transportation,Obesity_Type_I
1494,Male,18.0,1.803527,108.251044,yes,yes,2.0,1.709546,Sometimes,no,2.530157,no,1.0,0.6454,no,Public_Transportation,Obesity_Type_I
1497,Female,18.0,1.692913,89.93889,yes,yes,2.818502,3.0,Sometimes,no,1.991251,no,1.492967,0.0,no,Public_Transportation,Obesity_Type_I
1498,Female,18.0,1.668555,85.607466,yes,yes,2.081238,3.0,Sometimes,no,1.18363,no,1.17177,0.0,no,Public_Transportation,Obesity_Type_I
1503,Female,18.024744,1.617192,83.121811,yes,yes,2.976509,3.0,Sometimes,no,1.022705,no,1.02569,0.313016,no,Public_Transportation,Obesity_Type_I
1504,Female,18.10682,1.602129,82.412665,yes,yes,2.319648,3.0,Sometimes,no,1.107164,no,0.692123,0.30402,no,Public_Transportation,Obesity_Type_I
1509,Female,19.045357,1.61291,82.193405,yes,yes,1.261288,2.930044,Sometimes,no,1.166655,no,0.133398,0.95174,no,Public_Transportation,Obesity_Type_I
1510,Female,18.945961,1.605469,82.039,yes,yes,2.76533,3.0,Sometimes,no,1.048584,no,0.192559,0.720411,no,Public_Transportation,Obesity_Type_I
1511,Male,18.88061,1.80416,104.40682,yes,yes,2.0,3.0,Sometimes,no,3.0,no,2.2405,0.0,no,Public_Transportation,Obesity_Type_I
1512,Male,19.850524,1.785062,104.187314,yes,yes,2.0,3.0,Sometimes,no,2.15157,no,1.605983,0.0,no,Public_Transportation,Obesity_Type_I
1801,Female,18.233541,1.792378,137.859737,yes,yes,3.0,3.0,Sometimes,no,2.838893,no,1.990317,0.735868,Sometimes,Public_Transportation,Obesity_Type_III
1802,Female,18.147705,1.802257,149.935848,yes,yes,3.0,3.0,Sometimes,no,2.181811,no,1.995582,0.939665,Sometimes,Public_Transportation,Obesity_Type_III
1815,Female,18.771001,1.746652,133.800129,yes,yes,3.0,3.0,Sometimes,no,2.869234,no,1.465931,0.627886,Sometimes,Public_Transportation,Obesity_Type_III
1825,Female,18.177882,1.821566,142.102468,yes,yes,3.0,3.0,Sometimes,no,2.714949,no,1.999773,0.813784,Sometimes,Public_Transportation,Obesity_Type_III
1826,Female,18.112503,1.82773,152.720545,yes,yes,3.0,3.0,Sometimes,no,2.154949,no,1.999897,0.957463,Sometimes,Public_Transportation,Obesity_Type_III
1839,Female,18.367481,1.745644,133.665587,yes,yes,3.0,3.0,Sometimes,no,2.900857,no,1.508897,0.625371,Sometimes,Public_Transportation,Obesity_Type_III
1846,Female,19.885655,1.763343,133.952675,yes,yes,3.0,3.0,Sometimes,no,2.835622,no,1.419473,0.816986,Sometimes,Public_Transportation,Obesity_Type_III
1851,Female,18.335019,1.771043,137.044959,yes,yes,3.0,3.0,Sometimes,no,2.861533,no,1.70464,0.655571,Sometimes,Public_Transportation,Obesity_Type_III
1853,Female,18.222536,1.801746,141.166265,yes,yes,3.0,3.0,Sometimes,no,2.418488,no,1.99507,0.893514,Sometimes,Public_Transportation,Obesity_Type_III
1863,Female,19.17614,1.666194,124.805868,yes,yes,3.0,3.0,Sometimes,no,1.228838,no,0.792553,0.639561,Sometimes,Public_Transportation,Obesity_Type_III
1875,Female,18.378203,1.746061,128.261402,yes,yes,3.0,3.0,Sometimes,no,2.501638,no,1.546179,0.66488,Sometimes,Public_Transportation,Obesity_Type_III
1876,Female,19.725718,1.746529,129.363771,yes,yes,3.0,3.0,Sometimes,no,2.250711,no,0.64235,0.685129,Sometimes,Public_Transportation,Obesity_Type_III
1879,Female,19.262934,1.741014,132.57927,yes,yes,3.0,3.0,Sometimes,no,2.436261,no,1.464674,0.87092,Sometimes,Public_Transportation,Obesity_Type_III
1898,Female,19.47219,1.793824,160.935351,yes,yes,3.0,3.0,Sometimes,no,2.069257,no,1.986646,0.947091,Sometimes,Public_Transportation,Obesity_Type_III
1903,Female,19.137495,1.716521,127.642324,yes,yes,3.0,3.0,Sometimes,no,1.313834,no,0.912334,0.707494,Sometimes,Public_Transportation,Obesity_Type_III
1911,Female,18.314593,1.745602,133.554686,yes,yes,3.0,3.0,Sometimes,no,2.923792,no,1.536555,0.62535,Sometimes,Public_Transportation,Obesity_Type_III
1912,Female,19.529746,1.751038,133.843033,yes,yes,3.0,3.0,Sometimes,no,2.955075,no,1.46046,0.655558,Sometimes,Public_Transportation,Obesity_Type_III
1923,Female,18.744914,1.801983,138.034526,yes,yes,3.0,3.0,Sometimes,no,2.691591,no,1.168368,0.735372,Sometimes,Public_Transportation,Obesity_Type_III
1926,Female,18.120739,1.807576,152.567671,yes,yes,3.0,3.0,Sometimes,no,2.164718,no,1.999631,0.941336,Sometimes,Public_Transportation,Obesity_Type_III
1949,Female,19.993565,1.792833,152.43563,yes,yes,3.0,3.0,Sometimes,no,2.365188,no,1.256115,0.760091,Sometimes,Public_Transportation,Obesity_Type_III
1951,Female,18.904037,1.743589,133.281333,yes,yes,3.0,3.0,Sometimes,no,2.684819,no,1.46525,0.804491,Sometimes,Public_Transportation,Obesity_Type_III
1952,Female,19.783234,1.747962,133.936535,yes,yes,3.0,3.0,Sometimes,no,2.84174,no,1.429256,0.775378,Sometimes,Public_Transportation,Obesity_Type_III
1971,Female,19.297004,1.817271,141.917802,yes,yes,3.0,3.0,Sometimes,no,2.699675,no,1.520818,0.76399,Sometimes,Public_Transportation,Obesity_Type_III
1972,Female,18.301773,1.808765,140.292018,yes,yes,3.0,3.0,Sometimes,no,2.830247,no,1.783138,0.789064,Sometimes,Public_Transportation,Obesity_Type_III
1973,Female,19.872667,1.817231,152.371911,yes,yes,3.0,3.0,Sometimes,no,2.305521,no,1.956278,0.92376,Sometimes,Public_Transportation,Obesity_Type_III
1974,Female,18.13782,1.819728,151.278532,yes,yes,3.0,3.0,Sometimes,no,2.155926,no,1.999836,0.94603,Sometimes,Public_Transportation,Obesity_Type_III
2000,Female,18.976968,1.759091,133.903612,yes,yes,3.0,3.0,Sometimes,no,2.862408,no,1.456933,0.742423,Sometimes,Public_Transportation,Obesity_Type_III
2013,Female,18.826782,1.746416,133.747012,yes,yes,3.0,3.0,Sometimes,no,2.858389,no,1.444382,0.713823,Sometimes,Public_Transportation,Obesity_Type_III
2014,Female,18.94093,1.746411,133.676663,yes,yes,3.0,3.0,Sometimes,no,2.864933,no,1.501647,0.786846,Sometimes,Public_Transportation,Obesity_Type_III
2023,Female,18.743587,1.789143,138.202869,yes,yes,3.0,3.0,Sometimes,no,2.83377,no,0.806422,0.672513,Sometimes,Public_Transportation,Obesity_Type_III
2027,Female,18.20634,1.807406,141.799429,yes,yes,3.0,3.0,Sometimes,no,2.472903,no,1.998047,0.840911,Sometimes,Public_Transportation,Obesity_Type_III
2028,Female,18.532826,1.75091,142.545183,yes,yes,3.0,3.0,Sometimes,no,2.372058,no,1.324805,0.870795,Sometimes,Public_Transportation,Obesity_Type_III
2047,Female,19.035557,1.682594,127.427458,yes,yes,3.0,3.0,Sometimes,no,1.441289,no,1.425712,0.662277,Sometimes,Public_Transportation,Obesity_Type_III
2048,Female,18.634286,1.669354,126.088301,yes,yes,3.0,3.0,Sometimes,no,1.144539,no,0.922014,0.899673,Sometimes,Public_Transportation,Obesity_Type_III
2071,Female,18.862264,1.746277,128.705761,yes,yes,3.0,3.0,Sometimes,no,2.411582,no,0.985287,0.675076,Sometimes,Public_Transportation,Obesity_Type_III
2072,Female,18.423482,1.735461,126.798173,yes,yes,3.0,3.0,Sometimes,no,2.38639,no,1.544632,0.900067,Sometimes,Public_Transportation,Obesity_Type_III
2076,Female,19.528936,1.817917,142.559161,yes,yes,3.0,3.0,Sometimes,no,2.562002,no,1.976427,0.740331,Sometimes,Public_Transportation,Obesity_Type_III
2077,Female,19.364339,1.80835,150.51648,yes,yes,3.0,3.0,Sometimes,no,2.305574,no,1.734424,0.863043,Sometimes,Public_Transportation,Obesity_Type_III
2079,Female,19.012872,1.742062,133.779919,yes,yes,3.0,3.0,Sometimes,no,2.70196,no,1.465909,0.813235,Sometimes,Public_Transportation,Obesity_Type_III
2080,Female,18.469086,1.741925,133.017105,yes,yes,3.0,3.0,Sometimes,no,2.474518,no,1.560261,0.662489,Sometimes,Public_Transportation,Obesity_Type_III
